ID številka poroèanega procesnega dejanja;Število dni od ovadbe do procesnega dejanja;Enolièna ID številka državnega tožilca;Enolièna ID številka kaznivega dejanja;Procesno dejanje;Podvojeni vnosi z ID poroèanega procesnega dejanja prve pojavitve
-----------------------------------------;-------------------------------------------;--------------------------------------;--------------------------------------;----------------;-----------------------------------------------------------------
11564005;NULL;;;D0070;1
11579858;NULL;;;D0070;1
11551104;NULL;;;D0070;1
11607892;NULL;;;D0070;1
11659265;NULL;;;D0070;1
11754974;NULL;;;D0070;1
11914617;NULL;;;D0070;1
11859621;NULL;;;D0070;1
11989238;NULL;;;D0070;1
12011680;NULL;;;D0070;1
12023365;NULL;;;D0070;1
12266377;NULL;;;D0070;1
11783786;NULL;;;D0070;1
12161837;NULL;;;D0070;1
12447323;NULL;;;D0070;1
12380087;NULL;;;D0070;1
11550928;0;;;D0070;1
11551236;0;;;D0070;1
11592670;0;;;D0070;1
11602555;0;;;D0070;1
11700823;0;;;D0070;1
11704580;0;;;D0070;1
11708722;0;;;D0070;1
11708782;0;;;D0070;1
11709553;0;;;D0070;1
11714699;0;;;D0070;1
11714727;0;;;D0070;1
11714756;0;;;D0070;1
11718009;0;;;D0070;1
11718145;0;;;D0070;1
11718403;0;;;D0070;1
11723188;0;;;D0070;1
11724071;0;;;D0070;1
11725932;0;;;D0070;1
11727773;0;;;D0070;1
11580101;0;;;D0070;1
11743788;0;;;D0070;1
11767656;0;;;D0070;1
11780283;0;;;D0070;1
11783111;0;;;D0070;1
11783734;0;;;D0070;1
11783753;0;;;D0070;1
11784008;0;;;D0070;1
11792722;0;;;D0070;1
11795682;0;;;D0070;1
11797691;0;;;D0070;1
11798267;0;;;D0070;1
11798303;0;;;D0070;1
11799795;0;;;D0070;1
11799814;0;;;D0070;1
11810799;0;;;D0070;1
11747028;0;;;D0070;1
11753017;0;;;D0070;1
11755125;0;;;D0070;1
11755400;0;;;D0070;1
11755482;0;;;D0070;1
11824579;0;;;D0070;1
11824747;0;;;D0070;1
11838451;0;;;D0070;1
11869335;0;;;D0070;1
11869382;0;;;D0070;1
11869713;0;;;D0070;1
11870905;0;;;D0070;1
11870989;0;;;D0070;1
11871010;0;;;D0070;1
11882307;0;;;D0070;1
11884862;0;;;D0070;1
11884996;0;;;D0070;1
11885058;0;;;D0070;1
11918481;0;;;D0070;1
11922892;0;;;D0070;1
11926491;0;;;D0070;1
11926558;0;;;D0070;1
11936412;0;;;D0070;1
11936437;0;;;D0070;1
11938546;0;;;D0070;1
11951246;0;;;D0070;1
11988144;0;;;D0070;1
11988472;0;;;D0070;1
11988798;0;;;D0070;1
11990992;0;;;D0070;1
11991096;0;;;D0070;1
11992535;0;;;D0070;1
11994251;0;;;D0070;1
11994251;0;;;D0070;1
12056481;0;;;D0070;1
12056547;0;;;D0070;1
12056593;0;;;D0070;1
12056625;0;;;D0070;1
12056655;0;;;D0070;1
12011534;0;;;D0070;1
12011563;0;;;D0070;1
12011577;0;;;D0070;1
12011602;0;;;D0070;1
12011621;0;;;D0070;1
12065256;0;;;D0070;1
12070093;0;;;D0070;1
12070725;0;;;D0070;1
12071200;0;;;D0070;1
12071552;0;;;D0070;1
12097893;0;;;D0070;1
12098329;0;;;D0070;1
12098489;0;;;D0070;1
12082855;0;;;D0070;1
12082870;0;;;D0070;1
12090018;0;;;D0070;1
12095142;0;;;D0070;1
12096053;0;;;D0070;1
11765729;0;;;D0070;1
11765750;0;;;D0070;1
12137143;0;;;D0070;1
12138310;0;;;D0070;1
12169391;0;;;D0070;1
12201953;0;;;D0070;1
12221887;0;;;D0070;1
12228538;0;;;D0070;1
12230044;0;;;D0070;1
12230114;0;;;D0070;1
12234037;0;;;D0070;1
12251237;0;;;D0070;1
12252702;0;;;D0070;1
12252794;0;;;D0070;1
12252846;0;;;D0070;1
12252899;0;;;D0070;1
12254700;0;;;D0070;1
12254976;0;;;D0070;1
12263343;0;;;D0070;1
12266308;0;;;D0070;1
12266386;0;;;D0070;1
12266428;0;;;D0070;1
12266503;0;;;D0070;1
12266604;0;;;D0070;1
12267134;0;;;D0070;1
12267141;0;;;D0070;1
12267255;0;;;D0070;1
12271267;0;;;D0070;1
12274363;0;;;D0070;1
12274433;0;;;D0070;1
12274496;0;;;D0070;1
12274609;0;;;D0070;1
12274859;0;;;D0070;1
12275534;0;;;D0070;1
12277453;0;;;D0070;1
12323364;0;;;D0070;1
12332020;0;;;D0070;1
12332042;0;;;D0070;1
12334758;0;;;D0070;1
12140332;0;;;D0070;1
12142655;0;;;D0070;1
12152077;0;;;D0070;1
12152115;0;;;D0070;1
12153083;0;;;D0070;1
12153150;0;;;D0070;1
12270231;0;;;D0070;1
12271105;0;;;D0070;1
12380103;0;;;D0070;1
12383586;0;;;D0070;1
12384056;0;;;D0070;1
12384330;0;;;D0070;1
12386871;0;;;D0070;1
12387714;0;;;D0070;1
12391785;0;;;D0070;1
12395260;0;;;D0070;1
12395332;0;;;D0070;1
12395468;0;;;D0070;1
12397947;0;;;D0070;1
12398100;0;;;D0070;1
12411599;0;;;D0070;1
12415020;0;;;D0070;1
12415498;0;;;D0070;1
12416492;0;;;D0070;1
12423712;0;;;D0070;1
12431396;0;;;D0070;1
12432195;0;;;D0070;1
12432225;0;;;D0070;1
12432254;0;;;D0070;1
12440281;0;;;D0070;1
12378928;0;;;D0070;1
12461711;0;;;D0070;1
12462011;0;;;D0070;1
12464110;0;;;D0070;1
12469318;0;;;D0070;1
12470411;0;;;D0070;1
12472319;0;;;D0070;1
12473041;0;;;D0070;1
12475006;0;;;D0070;1
12475125;0;;;D0070;1
11759792;1;;;D0070;1
11759928;1;;;D0070;1
11769132;1;;;D0070;1
11769408;1;;;D0070;1
11786163;1;;;D0070;1
11787768;1;;;D0070;1
11862440;1;;;D0070;1
11889618;1;;;D0070;1
11901465;1;;;D0070;1
11913917;1;;;D0070;1
12040480;1;;;D0070;1
12040553;1;;;D0070;1
12040571;1;;;D0070;1
12048322;1;;;D0070;1
12067314;1;;;D0070;1
12143044;1;;;D0070;1
12143458;1;;;D0070;1
12149622;1;;;D0070;1
12149642;1;;;D0070;1
12150111;1;;;D0070;1
12150137;1;;;D0070;1
12151224;1;;;D0070;1
12157496;1;;;D0070;1
12157555;1;;;D0070;1
12157980;1;;;D0070;1
11978199;1;;;D0070;1
12024951;1;;;D0070;1
12025028;1;;;D0070;1
12025089;1;;;D0070;1
12025122;1;;;D0070;1
12170257;1;;;D0070;1
12170409;1;;;D0070;1
12216523;1;;;D0070;1
12222087;1;;;D0070;1
12240656;1;;;D0070;1
12293730;1;;;D0070;1
12295268;1;;;D0070;1
12371727;1;;;D0070;1
11723464;1;;;D0070;1
12447344;1;;;D0070;1
12449778;1;;;D0070;1
12468380;1;;;D0070;1
12468445;1;;;D0070;1
12468593;1;;;D0070;1
11562831;2;;;D0070;1
11562881;2;;;D0070;1
11563983;2;;;D0070;1
11565169;2;;;D0070;1
11722352;2;;;D0070;1
11914621;2;;;D0070;1
11950335;2;;;D0070;1
12004845;2;;;D0070;1
12025047;2;;;D0070;1
12270119;2;;;D0070;1
12461113;1;;;D0070;1
11546036;3;;;D0070;1
11546081;3;;;D0070;1
11687908;3;;;D0070;1
11687945;3;;;D0070;1
11688031;3;;;D0070;1
11691866;3;;;D0070;1
11691888;3;;;D0070;1
11692229;3;;;D0070;1
11696311;3;;;D0070;1
11696348;3;;;D0070;1
11607997;3;;;D0070;1
11659179;3;;;D0070;1
11659187;3;;;D0070;1
11659207;3;;;D0070;1
11659285;3;;;D0070;1
11669900;3;;;D0070;1
11763789;3;;;D0070;1
11764540;3;;;D0070;1
11764766;3;;;D0070;1
11957985;3;;;D0070;1
11958428;3;;;D0070;1
11959353;3;;;D0070;1
11959376;3;;;D0070;1
11964045;3;;;D0070;1
11964103;3;;;D0070;1
11997395;3;;;D0070;1
11997434;3;;;D0070;1
12031158;3;;;D0070;1
12031197;3;;;D0070;1
12031282;3;;;D0070;1
12031362;3;;;D0070;1
12031816;3;;;D0070;1
12045388;3;;;D0070;1
12045637;3;;;D0070;1
12045974;3;;;D0070;1
11554308;3;;;D0070;1
11554722;3;;;D0070;1
11810096;3;;;D0070;1
12078796;3;;;D0070;1
12078814;3;;;D0070;1
12078942;3;;;D0070;1
12079136;3;;;D0070;1
12136752;3;;;D0070;1
12136902;3;;;D0070;1
12161579;3;;;D0070;1
12161797;3;;;D0070;1
11925640;3;;;D0070;1
11926260;3;;;D0070;1
12167992;3;;;D0070;1
12168491;3;;;D0070;1
12172085;3;;;D0070;1
12172297;3;;;D0070;1
12213421;3;;;D0070;1
12213624;3;;;D0070;1
12310739;3;;;D0070;1
12326707;3;;;D0070;1
12329503;3;;;D0070;1
12329556;3;;;D0070;1
12361982;3;;;D0070;1
12444969;3;;;D0070;1
12445029;3;;;D0070;1
12446514;3;;;D0070;1
12472422;3;;;D0070;1
12143095;4;;;D0070;1
12143608;4;;;D0070;1
12143629;4;;;D0070;1
12145161;4;;;D0070;1
12232863;4;;;D0070;1
12317800;4;;;D0070;1
12352630;4;;;D0070;1
12357960;4;;;D0070;1
12358080;4;;;D0070;1
12464142;3;;;D0070;1
11848268;4;;;D0070;1
12399330;4;;;D0070;1
11540087;5;;;D0070;1
11572085;5;;;D0070;1
11572344;5;;;D0070;1
11621897;5;;;D0070;1
11621936;5;;;D0070;1
11622403;5;;;D0070;1
11857665;5;;;D0070;1
12076332;5;;;D0070;1
12446438;6;;;D0070;1
12331900;10;;;D0070;1
12384098;9;;;D0070;1
11738631;14;;;D0070;1
11746127;13;;;D0070;1
12239671;20;;;D0070;1
11704609;21;;;D0070;1
12196545;22;;;D0070;1
11645044;26;;;D0070;1
11949567;26;;;D0070;1
12171214;26;;;D0070;1
11847910;30;;;D0070;1
11570060;32;;;D0070;1
12279308;35;;;D0070;1
11573801;53;;;D0070;1
11853079;68;;;D0070;1
11708852;117;;;D0070;1
12043210;119;;;D0070;1
12114116;139;;;D0070;1
11853224;167;;;D0070;1
11570054;172;;;D0070;1
12132894;178;;;D0070;1
11570068;202;;;D0070;1
11977049;213;;;D0070;1
12114116;225;;;D0070;1
12380535;216;;;D0070;1
11641173;298;;;D0070;1
11584812;369;;;D0070;1
11584812;369;;;D0070;1
12313600;1134;;;D0070;1
12285904;1127;;;D0073;1
12285904;1127;;;D0073;1
12285904;1127;;;D0073;1
12285904;1127;;;D0073;1
11809234;1421;;;D0073;1
11809234;1421;;;D0073;1
11809234;1421;;;D0073;1
11809234;1421;;;D0073;1
11809234;1421;;;D0073;1
11809234;1421;;;D0073;1
12008921;1774;;;D0073;1
12008921;1774;;;D0073;1
12008921;1774;;;D0073;1
12008921;1774;;;D0073;1
12008921;1774;;;D0073;1
12008921;1774;;;D0073;1
12008921;1774;;;D0073;1
11763826;2004;;;D0073;1
11763826;2004;;;D0073;1
11763826;2004;;;D0073;1
11763826;2004;;;D0073;1
11763826;2004;;;D0073;1
11763826;2004;;;D0073;1
12068644;460;;;D0073;1
11880208;461;;;D0073;1
11880208;461;;;D0073;1
11880208;461;;;D0073;1
11880208;461;;;D0073;1
12106003;464;;;D0073;1
12480169;468;;;D0073;1
11879237;448;;;D0073;1
11934031;449;;;D0073;1
11950294;449;;;D0073;1
12149470;457;;;D0073;1
11997799;458;;;D0073;1
11723254;480;;;D0073;1
12005865;481;;;D0073;1
12005865;481;;;D0073;1
12278756;482;;;D0073;1
12278756;482;;;D0073;1
12278756;482;;;D0073;1
12278756;482;;;D0073;1
12278756;482;;;D0073;1
12278756;482;;;D0073;1
12278756;482;;;D0073;1
11966950;484;;;D0073;1
12394243;487;;;D0073;1
12493020;487;;;D0073;1
11809737;497;;;D0073;1
11959266;498;;;D0073;1
11724189;499;;;D0073;1
11623619;502;;;D0073;1
12224715;502;;;D0073;1
12224715;502;;;D0073;1
11908779;504;;;D0073;1
11676895;506;;;D0073;1
12051389;508;;;D0073;1
12482148;508;;;D0073;1
12482148;508;;;D0073;1
12106053;510;;;D0073;1
11589633;514;;;D0073;1
12001733;514;;;D0073;1
11723826;518;;;D0073;1
12214354;519;;;D0073;1
12095548;520;;;D0073;1
12095554;520;;;D0073;1
12428356;522;;;D0073;1
12428356;522;;;D0073;1
12092870;571;;;D0073;1
12015301;572;;;D0073;1
12015301;572;;;D0073;1
11551833;585;;;D0073;1
12050472;595;;;D0073;1
11723152;553;;;D0073;1
12304029;557;;;D0073;1
12292622;601;;;D0073;1
12301319;634;;;D0073;1
11744791;636;;;D0073;1
11744791;636;;;D0073;1
11744791;636;;;D0073;1
11744791;636;;;D0073;1
11744791;636;;;D0073;1
11744791;636;;;D0073;1
12281220;621;;;D0073;1
11632429;625;;;D0073;1
12474731;630;;;D0073;1
12351498;651;;;D0073;1
11674413;655;;;D0073;1
11674420;655;;;D0073;1
12319053;655;;;D0073;1
11623619;658;;;D0073;1
11623619;658;;;D0073;1
11686756;660;;;D0073;1
12351498;665;;;D0073;1
12491201;678;;;D0073;1
11845835;687;;;D0073;1
11845835;687;;;D0073;1
11845835;687;;;D0073;1
11845835;687;;;D0073;1
11845835;687;;;D0073;1
11845835;687;;;D0073;1
12149682;707;;;D0073;1
12149710;707;;;D0073;1
12149710;707;;;D0073;1
12149710;707;;;D0073;1
12149710;707;;;D0073;1
12149710;707;;;D0073;1
12149710;707;;;D0073;1
12149710;707;;;D0073;1
12149710;707;;;D0073;1
12149710;707;;;D0073;1
12149710;707;;;D0073;1
12149710;707;;;D0073;1
12192639;722;;;D0073;1
11715933;724;;;D0073;1
11715933;724;;;D0073;1
11715933;724;;;D0073;1
12156540;711;;;D0073;1
11767468;719;;;D0073;1
12051409;740;;;D0073;1
11780320;811;;;D0073;1
11780320;811;;;D0073;1
11780320;811;;;D0073;1
11780320;811;;;D0073;1
12095445;816;;;D0073;1
11800750;841;;;D0073;1
11800750;841;;;D0073;1
11800750;841;;;D0073;1
11800750;841;;;D0073;1
11615220;847;;;D0073;1
11997238;877;;;D0073;1
11997238;877;;;D0073;1
11997238;877;;;D0073;1
11997238;877;;;D0073;1
12309260;756;;;D0073;1
12309260;756;;;D0073;1
12309260;756;;;D0073;1
12472378;759;;;D0073;1
12287358;771;;;D0073;1
11692500;896;;;D0073;1
12149682;898;;;D0073;1
12202325;926;;;D0073;1
11528605;930;;;D0073;1
12327323;974;;;D0073;1
12327323;974;;;D0073;1
11762944;1012;;;D0073;1
12122313;1033;;;D0073;1
12122313;1033;;;D0073;1
12013942;1036;;;D0073;1
11990271;945;;;D0073;1
11990271;945;;;D0073;1
11776956;1071;;;D0073;1
11564930;1099;;;D0073;1
12310198;1099;;;D0073;1
11863249;1114;;;D0073;1
11863249;1114;;;D0073;1
11863249;1114;;;D0073;1
11863249;1114;;;D0073;1
11863249;1114;;;D0073;1
12030529;371;;;D0073;1
11879662;373;;;D0073;1
11879662;373;;;D0073;1
11886021;375;;;D0073;1
11932966;377;;;D0073;1
11932966;377;;;D0073;1
11762909;363;;;D0073;1
11762909;363;;;D0073;1
11532355;364;;;D0073;1
12192777;366;;;D0073;1
12055323;379;;;D0073;1
11641030;382;;;D0073;1
12062646;368;;;D0073;1
12062646;368;;;D0073;1
12062646;368;;;D0073;1
12202045;382;;;D0073;1
12332807;384;;;D0073;1
12332807;384;;;D0073;1
12332828;384;;;D0073;1
12332828;384;;;D0073;1
12249693;387;;;D0073;1
12005829;388;;;D0073;1
12005829;388;;;D0073;1
12119955;388;;;D0073;1
12119955;388;;;D0073;1
12286046;397;;;D0073;1
11723619;401;;;D0073;1
11865295;401;;;D0073;1
11832691;404;;;D0073;1
12005829;406;;;D0073;1
12286046;406;;;D0073;1
11809737;408;;;D0073;1
12292838;413;;;D0073;1
11611470;416;;;D0073;1
11611470;416;;;D0073;1
12314439;420;;;D0073;1
11778127;422;;;D0073;1
11627187;427;;;D0073;1
12163658;433;;;D0073;1
12156836;436;;;D0073;1
12156836;436;;;D0073;1
12482218;436;;;D0073;1
11971903;437;;;D0073;1
12281220;444;;;D0073;1
12281220;444;;;D0073;1
12281220;444;;;D0073;1
12281220;444;;;D0073;1
12281220;444;;;D0073;1
12281220;444;;;D0073;1
12281220;444;;;D0073;1
12281220;444;;;D0073;1
11949786;238;;;D0073;1
12006024;239;;;D0073;1
11838506;293;;;D0073;1
12004682;294;;;D0073;1
12245969;297;;;D0073;1
12148905;308;;;D0073;1
12165482;308;;;D0073;1
12038431;312;;;D0073;1
12068634;312;;;D0073;1
12122946;312;;;D0073;1
12122946;312;;;D0073;1
12122946;312;;;D0073;1
12122946;312;;;D0073;1
12122946;312;;;D0073;1
11933994;320;;;D0073;1
11933994;320;;;D0073;1
12141256;320;;;D0073;1
11825230;322;;;D0073;1
11950265;325;;;D0073;1
11950265;325;;;D0073;1
12458410;325;;;D0073;1
12333252;316;;;D0073;1
12270814;317;;;D0073;1
12415070;317;;;D0073;1
12415070;317;;;D0073;1
11635822;332;;;D0073;1
11654938;334;;;D0073;1
11654938;334;;;D0073;1
11654938;334;;;D0073;1
11899338;334;;;D0073;1
12149560;335;;;D0073;1
12482019;339;;;D0073;1
12482019;339;;;D0073;1
12224715;337;;;D0073;1
12276994;337;;;D0073;1
12276994;337;;;D0073;1
12276994;337;;;D0073;1
12276994;337;;;D0073;1
12276994;337;;;D0073;1
12489827;341;;;D0073;1
11589614;342;;;D0073;1
11854821;342;;;D0073;1
12131460;343;;;D0073;1
12307448;343;;;D0073;1
12307448;343;;;D0073;1
12062646;345;;;D0073;1
11736926;347;;;D0073;1
11736926;347;;;D0073;1
12192838;349;;;D0073;1
11955531;313;;;D0073;1
11908681;355;;;D0073;1
11666778;357;;;D0073;1
11666778;357;;;D0073;1
12178462;362;;;D0073;1
12178462;362;;;D0073;1
12178462;362;;;D0073;1
11872999;299;;;D0073;1
11872999;299;;;D0073;1
11996263;299;;;D0073;1
12270083;299;;;D0073;1
12315306;299;;;D0073;1
12315306;299;;;D0073;1
11909176;301;;;D0073;1
11909222;301;;;D0073;1
11909222;301;;;D0073;1
11909222;301;;;D0073;1
11909279;301;;;D0073;1
12394392;301;;;D0073;1
12394392;301;;;D0073;1
12394392;301;;;D0073;1
12394392;301;;;D0073;1
12415070;301;;;D0073;1
12415070;301;;;D0073;1
12485785;301;;;D0073;1
12468237;302;;;D0073;1
12121265;303;;;D0073;1
11611522;304;;;D0073;1
11611522;304;;;D0073;1
11611522;304;;;D0073;1
11611522;304;;;D0073;1
11611522;304;;;D0073;1
12159323;306;;;D0073;1
12159323;306;;;D0073;1
12461653;306;;;D0073;1
12461653;306;;;D0073;1
12461653;306;;;D0073;1
12461653;306;;;D0073;1
12419993;285;;;D0073;1
12419993;285;;;D0073;1
11619297;286;;;D0073;1
11619297;286;;;D0073;1
11619297;286;;;D0073;1
11619297;286;;;D0073;1
11694939;286;;;D0073;1
11845888;286;;;D0073;1
12468237;286;;;D0073;1
11865362;287;;;D0073;1
12475284;270;;;D0073;1
11908782;271;;;D0073;1
12310106;271;;;D0073;1
12310106;271;;;D0073;1
11971773;272;;;D0073;1
11899249;275;;;D0073;1
12011907;288;;;D0073;1
12121042;288;;;D0073;1
12121042;288;;;D0073;1
12187936;289;;;D0073;1
12187936;289;;;D0073;1
11937309;290;;;D0073;1
11556339;291;;;D0073;1
11556339;291;;;D0073;1
11886005;291;;;D0073;1
12051347;291;;;D0073;1
12051347;291;;;D0073;1
12051347;291;;;D0073;1
12051347;291;;;D0073;1
12318970;292;;;D0073;1
12054399;240;;;D0073;1
11570051;241;;;D0073;1
11870337;242;;;D0073;1
12062646;242;;;D0073;1
11787293;243;;;D0073;1
12081612;243;;;D0073;1
11627245;244;;;D0073;1
11922457;244;;;D0073;1
12283282;244;;;D0073;1
12283282;244;;;D0073;1
11621774;245;;;D0073;1
11556258;246;;;D0073;1
11556258;246;;;D0073;1
11823749;246;;;D0073;1
11751223;247;;;D0073;1
12095554;247;;;D0073;1
11693596;249;;;D0073;1
12260247;249;;;D0073;1
12074186;250;;;D0073;1
12454275;250;;;D0073;1
12489827;250;;;D0073;1
12489827;250;;;D0073;1
11675092;252;;;D0073;1
11881052;252;;;D0073;1
12086009;254;;;D0073;1
12086011;254;;;D0073;1
11736667;255;;;D0073;1
11857520;255;;;D0073;1
12148693;258;;;D0073;1
12148693;258;;;D0073;1
12286015;258;;;D0073;1
12286015;258;;;D0073;1
11978881;259;;;D0073;1
11847883;260;;;D0073;1
11870280;260;;;D0073;1
12245305;257;;;D0073;1
12299130;257;;;D0073;1
11707776;265;;;D0073;1
12482148;265;;;D0073;1
12482148;265;;;D0073;1
12482148;265;;;D0073;1
11730976;266;;;D0073;1
11984968;266;;;D0073;1
12412853;269;;;D0073;1
12412853;269;;;D0073;1
11832540;270;;;D0073;1
11832540;270;;;D0073;1
12332421;275;;;D0073;1
11997876;277;;;D0073;1
12318980;278;;;D0073;1
12321748;280;;;D0073;1
12006165;281;;;D0073;1
12006165;281;;;D0073;1
12121113;281;;;D0073;1
12487795;216;;;D0073;1
12120998;234;;;D0073;1
12280612;231;;;D0073;1
12311226;231;;;D0073;1
12021286;233;;;D0073;1
12256849;233;;;D0073;1
12250238;235;;;D0073;1
11638816;236;;;D0073;1
12350541;236;;;D0073;1
12350541;236;;;D0073;1
11971795;237;;;D0073;1
12286115;237;;;D0073;1
12286115;237;;;D0073;1
11908809;238;;;D0073;1
11908809;238;;;D0073;1
12487628;225;;;D0073;1
12353654;227;;;D0073;1
12353654;227;;;D0073;1
12353654;227;;;D0073;1
12353654;227;;;D0073;1
12490969;228;;;D0073;1
11798400;225;;;D0073;1
11870861;225;;;D0073;1
11899685;225;;;D0073;1
11899685;225;;;D0073;1
12292723;230;;;D0073;1
11572272;231;;;D0073;1
11644699;231;;;D0073;1
11674350;214;;;D0073;1
12178694;214;;;D0073;1
12241157;214;;;D0073;1
11641156;215;;;D0073;1
11641156;215;;;D0073;1
12282766;215;;;D0073;1
12282766;215;;;D0073;1
12193554;216;;;D0073;1
12205940;216;;;D0073;1
12192819;217;;;D0073;1
11832349;218;;;D0073;1
11832349;218;;;D0073;1
12085926;218;;;D0073;1
12234311;219;;;D0073;1
11838527;220;;;D0073;1
11556181;189;;;D0073;1
11717557;189;;;D0073;1
12414324;201;;;D0073;1
12033942;211;;;D0073;1
11635282;221;;;D0073;1
11635282;221;;;D0073;1
12056632;221;;;D0073;1
12412809;221;;;D0073;1
11845245;223;;;D0073;1
12245275;223;;;D0073;1
12245280;223;;;D0073;1
12394356;223;;;D0073;1
12461499;223;;;D0073;1
12141022;224;;;D0073;1
12141022;224;;;D0073;1
12148729;202;;;D0073;1
12205976;202;;;D0073;1
12273509;202;;;D0073;1
12376832;202;;;D0073;1
12461480;196;;;D0073;1
12461480;196;;;D0073;1
11962690;197;;;D0073;1
11962690;197;;;D0073;1
12092508;203;;;D0073;1
11679304;205;;;D0073;1
12098253;205;;;D0073;1
12106029;206;;;D0073;1
11607860;207;;;D0073;1
11607860;207;;;D0073;1
11607860;207;;;D0073;1
11776956;208;;;D0073;1
11825106;208;;;D0073;1
12488015;208;;;D0073;1
11634622;210;;;D0073;1
12485893;192;;;D0073;1
12487961;192;;;D0073;1
11832822;194;;;D0073;1
11832822;194;;;D0073;1
12421762;194;;;D0073;1
12072040;195;;;D0073;1
12193925;195;;;D0073;1
12193925;195;;;D0073;1
12193925;195;;;D0073;1
12193925;195;;;D0073;1
12193925;195;;;D0073;1
12193925;195;;;D0073;1
12246024;195;;;D0073;1
12246024;195;;;D0073;1
12491234;197;;;D0073;1
11588895;198;;;D0073;1
11623596;198;;;D0073;1
11623596;198;;;D0073;1
11865339;198;;;D0073;1
11865339;198;;;D0073;1
11723507;199;;;D0073;1
11723507;199;;;D0073;1
12193847;173;;;D0073;1
12210691;173;;;D0073;1
11589378;174;;;D0073;1
11933899;179;;;D0073;1
11949323;179;;;D0073;1
12056590;179;;;D0073;1
12056590;179;;;D0073;1
12202375;179;;;D0073;1
11767278;181;;;D0073;1
12148642;181;;;D0073;1
12473553;183;;;D0073;1
12475308;183;;;D0073;1
12468147;184;;;D0073;1
12482495;184;;;D0073;1
12019023;185;;;D0073;1
12377110;185;;;D0073;1
12236044;183;;;D0073;1
12376826;186;;;D0073;1
11984843;189;;;D0073;1
12485908;189;;;D0073;1
11723569;190;;;D0073;1
11823767;191;;;D0073;1
12254075;167;;;D0073;1
12148319;161;;;D0073;1
12310432;161;;;D0073;1
12458487;161;;;D0073;1
12487950;161;;;D0073;1
12448260;162;;;D0073;1
11851735;163;;;D0073;1
11851735;163;;;D0073;1
12332933;163;;;D0073;1
12493011;163;;;D0073;1
11870391;164;;;D0073;1
11980547;164;;;D0073;1
11778102;165;;;D0073;1
11899059;168;;;D0073;1
11996233;168;;;D0073;1
12221193;169;;;D0073;1
12412882;169;;;D0073;1
11937881;171;;;D0073;1
12241070;171;;;D0073;1
12241070;171;;;D0073;1
12309775;171;;;D0073;1
12470029;171;;;D0073;1
11933844;175;;;D0073;1
12210046;175;;;D0073;1
12234317;175;;;D0073;1
12387954;175;;;D0073;1
11694930;176;;;D0073;1
11749004;176;;;D0073;1
11749025;176;;;D0073;1
11823730;176;;;D0073;1
12046313;176;;;D0073;1
11853725;177;;;D0073;1
12089149;144;;;D0073;1
12271960;144;;;D0073;1
12271960;144;;;D0073;1
12271960;144;;;D0073;1
12454749;144;;;D0073;1
12454790;144;;;D0073;1
12051376;152;;;D0073;1
12051376;152;;;D0073;1
12148417;152;;;D0073;1
12148417;152;;;D0073;1
12214859;152;;;D0073;1
12214859;152;;;D0073;1
12149516;146;;;D0073;1
11705270;153;;;D0073;1
11705270;153;;;D0073;1
12303752;154;;;D0073;1
12303752;154;;;D0073;1
12471430;154;;;D0073;1
11587100;155;;;D0073;1
11737037;156;;;D0073;1
12084218;157;;;D0073;1
12292512;157;;;D0073;1
12388010;157;;;D0073;1
12388010;157;;;D0073;1
11615224;159;;;D0073;1
11615224;159;;;D0073;1
11654829;159;;;D0073;1
12055296;159;;;D0073;1
12423260;160;;;D0073;1
11675296;161;;;D0073;1
12148340;139;;;D0073;1
12148340;139;;;D0073;1
12148340;139;;;D0073;1
12359271;139;;;D0073;1
12468257;139;;;D0073;1
11863319;140;;;D0073;1
11863319;140;;;D0073;1
11863319;140;;;D0073;1
11997531;140;;;D0073;1
12482518;140;;;D0073;1
11647018;141;;;D0073;1
11909332;141;;;D0073;1
12120846;141;;;D0073;1
12245334;141;;;D0073;1
12310001;129;;;D0073;1
12311226;129;;;D0073;1
11922444;130;;;D0073;1
12001789;130;;;D0073;1
12310174;130;;;D0073;1
12310174;130;;;D0073;1
12332455;130;;;D0073;1
12341169;130;;;D0073;1
11996184;131;;;D0073;1
11996184;131;;;D0073;1
12400763;128;;;D0073;1
11762864;129;;;D0073;1
12058767;131;;;D0073;1
12156636;131;;;D0073;1
12156636;131;;;D0073;1
12089158;133;;;D0073;1
12421849;133;;;D0073;1
11872405;134;;;D0073;1
11949240;135;;;D0073;1
11937996;136;;;D0073;1
11548849;133;;;D0073;1
12377074;116;;;D0073;1
11778234;138;;;D0073;1
12122597;138;;;D0073;1
12069018;139;;;D0073;1
12086051;139;;;D0073;1
12244676;142;;;D0073;1
12244679;142;;;D0073;1
12238407;148;;;D0073;1
12400812;148;;;D0073;1
11548818;150;;;D0073;1
11548818;150;;;D0073;1
11548818;150;;;D0073;1
11548818;150;;;D0073;1
11825146;150;;;D0073;1
11861172;150;;;D0073;1
11915992;150;;;D0073;1
12458363;150;;;D0073;1
12458363;150;;;D0073;1
12131862;151;;;D0073;1
12400655;151;;;D0073;1
12081610;119;;;D0073;1
12210122;119;;;D0073;1
12343994;119;;;D0073;1
12234311;117;;;D0073;1
12234311;117;;;D0073;1
12193568;120;;;D0073;1
11679582;121;;;D0073;1
12004187;121;;;D0073;1
11587059;122;;;D0073;1
11731054;122;;;D0073;1
11980715;122;;;D0073;1
12317454;122;;;D0073;1
12317454;122;;;D0073;1
12068877;123;;;D0073;1
11588895;124;;;D0073;1
11615224;124;;;D0073;1
11685589;124;;;D0073;1
11685589;124;;;D0073;1
12120861;124;;;D0073;1
11786668;126;;;D0073;1
12068597;126;;;D0073;1
12086036;126;;;D0073;1
12119949;126;;;D0073;1
12187619;126;;;D0073;1
12178694;127;;;D0073;1
12178694;127;;;D0073;1
12178694;127;;;D0073;1
12178694;127;;;D0073;1
11854166;120;;;D0073;1
11925401;120;;;D0073;1
12412869;127;;;D0073;1
11980571;128;;;D0073;1
12081601;112;;;D0073;1
12202178;112;;;D0073;1
12249224;112;;;D0073;1
12061548;111;;;D0073;1
12148470;111;;;D0073;1
12493003;112;;;D0073;1
11990244;114;;;D0073;1
11990244;114;;;D0073;1
11990244;114;;;D0073;1
11990244;114;;;D0073;1
11990244;114;;;D0073;1
11990244;114;;;D0073;1
12234366;114;;;D0073;1
11627231;114;;;D0073;1
11627240;114;;;D0073;1
12171940;115;;;D0073;1
11786708;116;;;D0073;1
11899204;116;;;D0073;1
12448136;117;;;D0073;1
12018695;118;;;D0073;1
12145235;118;;;D0073;1
12285940;118;;;D0073;1
12285940;118;;;D0073;1
12192727;94;;;D0073;1
12423238;94;;;D0073;1
12423238;94;;;D0073;1
11825516;95;;;D0073;1
11845271;95;;;D0073;1
12298429;95;;;D0073;1
11751173;92;;;D0073;1
11745275;93;;;D0073;1
11666451;96;;;D0073;1
11854166;97;;;D0073;1
11885862;97;;;D0073;1
11885862;97;;;D0073;1
11705333;98;;;D0073;1
12310141;98;;;D0073;1
12412830;98;;;D0073;1
12426749;98;;;D0073;1
11786553;99;;;D0073;1
12072015;99;;;D0073;1
12072015;99;;;D0073;1
12131400;99;;;D0073;1
12485670;99;;;D0073;1
11654976;100;;;D0073;1
11654976;100;;;D0073;1
11654976;100;;;D0073;1
11654976;100;;;D0073;1
11654976;100;;;D0073;1
12061569;101;;;D0073;1
12068974;101;;;D0073;1
12068974;101;;;D0073;1
11736573;104;;;D0073;1
11935144;104;;;D0073;1
11935144;104;;;D0073;1
11997760;104;;;D0073;1
11751103;102;;;D0073;1
11751152;105;;;D0073;1
11751152;105;;;D0073;1
12292533;105;;;D0073;1
12376765;105;;;D0073;1
11647102;106;;;D0073;1
12004187;106;;;D0073;1
12018738;106;;;D0073;1
12018738;106;;;D0073;1
12343702;106;;;D0073;1
12468213;106;;;D0073;1
11691355;107;;;D0073;1
12120047;107;;;D0073;1
11589396;110;;;D0073;1
11959288;110;;;D0073;1
11996205;110;;;D0073;1
11996205;110;;;D0073;1
11589597;111;;;D0073;1
11589597;111;;;D0073;1
11767524;111;;;D0073;1
11767524;111;;;D0073;1
11865247;72;;;D0073;1
11865247;72;;;D0073;1
12280583;72;;;D0073;1
11611475;73;;;D0073;1
11611475;73;;;D0073;1
11611475;73;;;D0073;1
11611475;73;;;D0073;1
11611475;73;;;D0073;1
11984917;73;;;D0073;1
11692628;74;;;D0073;1
11767085;74;;;D0073;1
11778153;74;;;D0073;1
12309958;74;;;D0073;1
12400672;74;;;D0073;1
11955542;75;;;D0073;1
12448201;75;;;D0073;1
12468169;75;;;D0073;1
11679432;76;;;D0073;1
11870437;76;;;D0073;1
11879588;76;;;D0073;1
11933560;76;;;D0073;1
11933560;76;;;D0073;1
12377674;76;;;D0073;1
12426760;76;;;D0073;1
12074211;77;;;D0073;1
12178376;77;;;D0073;1
12377012;77;;;D0073;1
11717187;78;;;D0073;1
11786541;78;;;D0073;1
11925416;78;;;D0073;1
12051341;78;;;D0073;1
11611463;79;;;D0073;1
11611465;79;;;D0073;1
11679352;79;;;D0073;1
11705301;79;;;D0073;1
11705301;79;;;D0073;1
11705301;79;;;D0073;1
11736439;79;;;D0073;1
11899309;79;;;D0073;1
12005934;79;;;D0073;1
12005934;79;;;D0073;1
12163462;80;;;D0073;1
12222357;80;;;D0073;1
12222357;80;;;D0073;1
12222357;80;;;D0073;1
12222357;80;;;D0073;1
12222357;80;;;D0073;1
12222357;80;;;D0073;1
12222357;80;;;D0073;1
12222357;80;;;D0073;1
12222357;80;;;D0073;1
12421808;80;;;D0073;1
12051290;82;;;D0073;1
11870437;83;;;D0073;1
11914456;83;;;D0073;1
12058934;83;;;D0073;1
12145248;83;;;D0073;1
12145248;83;;;D0073;1
12145248;83;;;D0073;1
12149050;83;;;D0073;1
12149050;83;;;D0073;1
12149050;83;;;D0073;1
12149050;83;;;D0073;1
12149050;83;;;D0073;1
12149050;83;;;D0073;1
12149050;83;;;D0073;1
12149050;83;;;D0073;1
12149050;83;;;D0073;1
12149050;83;;;D0073;1
12149050;83;;;D0073;1
12149050;83;;;D0073;1
12149050;83;;;D0073;1
12149050;83;;;D0073;1
12149050;83;;;D0073;1
12149050;83;;;D0073;1
12149050;83;;;D0073;1
12149050;83;;;D0073;1
12149050;83;;;D0073;1
12149050;83;;;D0073;1
11845750;77;;;D0073;1
11681167;81;;;D0073;1
11879598;81;;;D0073;1
11879598;81;;;D0073;1
12241201;84;;;D0073;1
12395867;84;;;D0073;1
12395867;84;;;D0073;1
11674334;85;;;D0073;1
12120878;85;;;D0073;1
12333018;83;;;D0073;1
12333018;83;;;D0073;1
11564826;84;;;D0073;1
11564826;84;;;D0073;1
11679248;84;;;D0073;1
11707673;84;;;D0073;1
12343872;85;;;D0073;1
11825180;86;;;D0073;1
11851622;86;;;D0073;1
11955560;86;;;D0073;1
11955560;86;;;D0073;1
12468222;86;;;D0073;1
11949304;87;;;D0073;1
12013750;87;;;D0073;1
11832741;88;;;D0073;1
11832741;88;;;D0073;1
11832741;88;;;D0073;1
12105977;88;;;D0073;1
11825361;89;;;D0073;1
11845803;89;;;D0073;1
11934112;89;;;D0073;1
12081575;89;;;D0073;1
11531587;90;;;D0073;1
11717187;90;;;D0073;1
12059179;90;;;D0073;1
12309319;90;;;D0073;1
12400722;90;;;D0073;1
12400722;90;;;D0073;1
11682535;91;;;D0073;1
11776523;91;;;D0073;1
11776523;91;;;D0073;1
11925136;91;;;D0073;1
11950442;68;;;D0073;1
12086246;68;;;D0073;1
12131852;68;;;D0073;1
11548369;69;;;D0073;1
11747607;69;;;D0073;1
11747607;69;;;D0073;1
11767483;69;;;D0073;1
11871744;69;;;D0073;1
11871747;69;;;D0073;1
11870217;70;;;D0073;1
11949283;70;;;D0073;1
11949283;70;;;D0073;1
11962654;70;;;D0073;1
12095609;70;;;D0073;1
12141046;70;;;D0073;1
11980687;69;;;D0073;1
12454226;70;;;D0073;1
11619303;71;;;D0073;1
11679405;71;;;D0073;1
11913919;71;;;D0073;1
12192689;71;;;D0073;1
12192689;71;;;D0073;1
12223421;71;;;D0073;1
11950448;59;;;D0073;1
11980650;59;;;D0073;1
12256379;59;;;D0073;1
12256379;59;;;D0073;1
11629672;60;;;D0073;1
11777878;60;;;D0073;1
12004693;61;;;D0073;1
12059152;61;;;D0073;1
12059152;61;;;D0073;1
12270159;61;;;D0073;1
11787333;62;;;D0073;1
12058723;62;;;D0073;1
12068740;62;;;D0073;1
12068754;62;;;D0073;1
12068754;62;;;D0073;1
12068765;62;;;D0073;1
12068765;62;;;D0073;1
12068765;62;;;D0073;1
12072015;62;;;D0073;1
12193630;62;;;D0073;1
12301319;62;;;D0073;1
12391517;62;;;D0073;1
12281041;66;;;D0073;1
12309226;66;;;D0073;1
11880188;67;;;D0073;1
12438661;67;;;D0073;1
12438661;67;;;D0073;1
12438661;67;;;D0073;1
12438661;67;;;D0073;1
12438661;67;;;D0073;1
12438661;67;;;D0073;1
12438661;67;;;D0073;1
12438661;67;;;D0073;1
11776480;66;;;D0073;1
11798218;66;;;D0073;1
11879562;66;;;D0073;1
12163442;66;;;D0073;1
11832309;68;;;D0073;1
11832309;68;;;D0073;1
11832309;68;;;D0073;1
11723579;56;;;D0073;1
11736505;56;;;D0073;1
11937904;56;;;D0073;1
11949205;56;;;D0073;1
11611491;51;;;D0073;1
11531610;57;;;D0073;1
11531610;57;;;D0073;1
11548379;57;;;D0073;1
11798281;57;;;D0073;1
12177161;57;;;D0073;1
12214333;57;;;D0073;1
12214373;57;;;D0073;1
12260260;57;;;D0073;1
11569069;58;;;D0073;1
11853627;58;;;D0073;1
11853627;58;;;D0073;1
12059161;58;;;D0073;1
12234643;58;;;D0073;1
11686614;59;;;D0073;1
11723607;59;;;D0073;1
11842615;60;;;D0073;1
11927999;60;;;D0073;1
12400840;60;;;D0073;1
12400840;60;;;D0073;1
12414566;60;;;D0073;1
12421794;60;;;D0073;1
12421794;60;;;D0073;1
12478463;60;;;D0073;1
11548472;61;;;D0073;1
11623612;61;;;D0073;1
11666789;61;;;D0073;1
11730990;61;;;D0073;1
12467140;62;;;D0073;1
11623600;63;;;D0073;1
11623600;63;;;D0073;1
11633690;63;;;D0073;1
11832202;63;;;D0073;1
11838440;63;;;D0073;1
11845807;63;;;D0073;1
11845807;63;;;D0073;1
11845807;63;;;D0073;1
11859480;63;;;D0073;1
11908902;63;;;D0073;1
11908902;63;;;D0073;1
11908902;63;;;D0073;1
12059168;63;;;D0073;1
12238719;63;;;D0073;1
12238719;63;;;D0073;1
12271208;63;;;D0073;1
12334980;63;;;D0073;1
12334980;63;;;D0073;1
11832617;64;;;D0073;1
11845794;64;;;D0073;1
12106035;64;;;D0073;1
11899192;65;;;D0073;1
11899192;65;;;D0073;1
11937976;65;;;D0073;1
11955548;65;;;D0073;1
11955552;65;;;D0073;1
11996176;65;;;D0073;1
12448126;65;;;D0073;1
11570366;66;;;D0073;1
11589560;66;;;D0073;1
11641220;66;;;D0073;1
11707734;66;;;D0073;1
11641209;53;;;D0073;1
11857086;53;;;D0073;1
11611509;54;;;D0073;1
11623603;54;;;D0073;1
12270198;54;;;D0073;1
12454631;54;;;D0073;1
11778200;51;;;D0073;1
11778200;51;;;D0073;1
11778200;51;;;D0073;1
11778200;51;;;D0073;1
11990204;52;;;D0073;1
12105957;52;;;D0073;1
12105957;52;;;D0073;1
12487497;52;;;D0073;1
12491637;52;;;D0073;1
11832386;55;;;D0073;1
11832584;55;;;D0073;1
11997774;55;;;D0073;1
12148969;55;;;D0073;1
12176621;55;;;D0073;1
12214384;55;;;D0073;1
12287358;55;;;D0073;1
12287358;55;;;D0073;1
12287358;55;;;D0073;1
12350399;55;;;D0073;1
12439451;55;;;D0073;1
12491321;55;;;D0073;1
12491321;55;;;D0073;1
11587131;56;;;D0073;1
11587131;56;;;D0073;1
11652412;56;;;D0073;1
11654812;56;;;D0073;1
11680464;56;;;D0073;1
11680464;56;;;D0073;1
11680464;56;;;D0073;1
11912469;47;;;D0073;1
12468002;47;;;D0073;1
11908768;48;;;D0073;1
11971778;48;;;D0073;1
11971778;48;;;D0073;1
11980609;48;;;D0073;1
12156517;48;;;D0073;1
12163985;48;;;D0073;1
12468048;48;;;D0073;1
11548321;49;;;D0073;1
11736621;49;;;D0073;1
11767124;49;;;D0073;1
11859627;49;;;D0073;1
11859627;49;;;D0073;1
11950459;49;;;D0073;1
12318855;49;;;D0073;1
12468082;49;;;D0073;1
11611524;50;;;D0073;1
11825203;50;;;D0073;1
11857105;50;;;D0073;1
11572210;40;;;D0073;1
11776461;40;;;D0073;1
11908928;40;;;D0073;1
11908947;40;;;D0073;1
12055338;40;;;D0073;1
12086250;40;;;D0073;1
12479941;40;;;D0073;1
11570207;41;;;D0073;1
11621902;41;;;D0073;1
11621902;41;;;D0073;1
11621902;41;;;D0073;1
11621902;41;;;D0073;1
11872433;41;;;D0073;1
11872433;41;;;D0073;1
11872433;41;;;D0073;1
11872433;41;;;D0073;1
11911682;41;;;D0073;1
12068572;41;;;D0073;1
12068572;41;;;D0073;1
12068572;41;;;D0073;1
12156568;35;;;D0073;1
12234232;35;;;D0073;1
12271960;37;;;D0073;1
12271960;37;;;D0073;1
12068653;39;;;D0073;1
12487465;41;;;D0073;1
12490336;41;;;D0073;1
11723610;42;;;D0073;1
11776848;42;;;D0073;1
11980851;42;;;D0073;1
11990155;42;;;D0073;1
11990155;42;;;D0073;1
11990155;42;;;D0073;1
11990155;42;;;D0073;1
11990155;42;;;D0073;1
11990155;42;;;D0073;1
12015424;42;;;D0073;1
12487920;42;;;D0073;1
12491669;42;;;D0073;1
12086231;43;;;D0073;1
12131467;43;;;D0073;1
12468014;43;;;D0073;1
12468014;43;;;D0073;1
12487487;43;;;D0073;1
11749616;44;;;D0073;1
11749616;44;;;D0073;1
11556213;43;;;D0073;1
11641240;43;;;D0073;1
11832446;43;;;D0073;1
12310161;44;;;D0073;1
12310463;44;;;D0073;1
12355648;44;;;D0073;1
12491902;44;;;D0073;1
11674295;45;;;D0073;1
12061529;45;;;D0073;1
12214763;45;;;D0073;1
12273442;45;;;D0073;1
11851649;46;;;D0073;1
11971807;46;;;D0073;1
12002055;46;;;D0073;1
12414674;45;;;D0073;1
12131890;46;;;D0073;1
12131890;46;;;D0073;1
12448215;46;;;D0073;1
12461999;46;;;D0073;1
12468182;46;;;D0073;1
12341194;35;;;D0073;1
12376846;35;;;D0073;1
12391749;35;;;D0073;1
12412781;35;;;D0073;1
12470016;35;;;D0073;1
11915986;37;;;D0073;1
12081593;37;;;D0073;1
12119294;37;;;D0073;1
12119294;37;;;D0073;1
11762925;38;;;D0073;1
11776661;38;;;D0073;1
11776661;38;;;D0073;1
11776661;38;;;D0073;1
11879626;38;;;D0073;1
11880269;38;;;D0073;1
11889857;38;;;D0073;1
12130993;38;;;D0073;1
12131423;38;;;D0073;1
12136203;38;;;D0073;1
12322028;38;;;D0073;1
11908708;34;;;D0073;1
11927867;34;;;D0073;1
11933530;34;;;D0073;1
11933530;34;;;D0073;1
11950318;34;;;D0073;1
11950390;34;;;D0073;1
12072026;34;;;D0073;1
12072036;34;;;D0073;1
12074173;34;;;D0073;1
11622005;1;;;D0073;1
12376755;33;;;D0073;1
11851695;34;;;D0073;1
12468202;34;;;D0073;1
12491309;34;;;D0073;1
11679288;35;;;D0073;1
11679981;35;;;D0073;1
11717725;35;;;D0073;1
11717725;35;;;D0073;1
11717725;35;;;D0073;1
11832182;35;;;D0073;1
11915978;35;;;D0073;1
11980802;35;;;D0073;1
11933958;36;;;D0073;1
11933958;36;;;D0073;1
12341164;36;;;D0073;1
12341175;36;;;D0073;1
11623605;37;;;D0073;1
11623607;37;;;D0073;1
11623609;37;;;D0073;1
11680030;32;;;D0073;1
11686741;32;;;D0073;1
11857077;32;;;D0073;1
12001958;32;;;D0073;1
12006311;32;;;D0073;1
12086258;32;;;D0073;1
12141415;32;;;D0073;1
12156783;32;;;D0073;1
11996219;30;;;D0073;1
12120943;30;;;D0073;1
12154000;30;;;D0073;1
12192747;30;;;D0073;1
11832852;31;;;D0073;1
11899355;31;;;D0073;1
12028419;31;;;D0073;1
12314243;31;;;D0073;1
12423276;31;;;D0073;1
12438563;31;;;D0073;1
12458345;32;;;D0073;1
12475131;32;;;D0073;1
12156816;33;;;D0073;1
12484471;33;;;D0073;1
12487407;33;;;D0073;1
11533425;34;;;D0073;1
11666554;34;;;D0073;1
11666554;34;;;D0073;1
11666554;34;;;D0073;1
11666554;34;;;D0073;1
11686784;34;;;D0073;1
11748367;34;;;D0073;1
11763155;34;;;D0073;1
11786572;34;;;D0073;1
12281568;26;;;D0073;1
11644356;22;;;D0073;1
12482472;26;;;D0073;1
11644349;27;;;D0073;1
11644349;27;;;D0073;1
11666513;27;;;D0073;1
11826457;27;;;D0073;1
11826457;27;;;D0073;1
11826457;27;;;D0073;1
11854834;27;;;D0073;1
11857095;27;;;D0073;1
12061541;27;;;D0073;1
12131845;27;;;D0073;1
12273327;27;;;D0073;1
12122209;29;;;D0073;1
12130998;29;;;D0073;1
12177998;29;;;D0073;1
12223477;29;;;D0073;1
12223477;29;;;D0073;1
12223477;29;;;D0073;1
12223477;29;;;D0073;1
12223477;29;;;D0073;1
12223477;29;;;D0073;1
12223477;29;;;D0073;1
12223477;29;;;D0073;1
12248402;29;;;D0073;1
12280644;29;;;D0073;1
12317926;29;;;D0073;1
11652082;30;;;D0073;1
11652397;30;;;D0073;1
11716528;30;;;D0073;1
12045626;26;;;D0073;1
12085935;26;;;D0073;1
12303711;25;;;D0073;1
12376814;25;;;D0073;1
12377026;25;;;D0073;1
12448238;25;;;D0073;1
12478475;25;;;D0073;1
12482167;25;;;D0073;1
11532336;26;;;D0073;1
11654998;25;;;D0073;1
11723662;25;;;D0073;1
11723662;25;;;D0073;1
11723662;25;;;D0073;1
11723662;25;;;D0073;1
11805964;25;;;D0073;1
11832640;25;;;D0073;1
11838607;25;;;D0073;1
11908747;25;;;D0073;1
12051284;25;;;D0073;1
12061587;25;;;D0073;1
12376805;23;;;D0073;1
12468069;23;;;D0073;1
11532182;24;;;D0073;1
11548509;24;;;D0073;1
11611479;24;;;D0073;1
11611578;24;;;D0073;1
11611579;24;;;D0073;1
11777438;24;;;D0073;1
12092362;24;;;D0073;1
12148669;24;;;D0073;1
12163432;24;;;D0073;1
12193607;24;;;D0073;1
12487443;24;;;D0073;1
11556310;25;;;D0073;1
11643258;25;;;D0073;1
12476617;27;;;D0073;1
11641186;28;;;D0073;1
11654926;28;;;D0073;1
11667210;28;;;D0073;1
11723840;28;;;D0073;1
11832408;28;;;D0073;1
11870622;28;;;D0073;1
11899182;28;;;D0073;1
11922426;28;;;D0073;1
12005493;28;;;D0073;1
12006034;28;;;D0073;1
12056449;28;;;D0073;1
12061575;28;;;D0073;1
12105988;28;;;D0073;1
12105988;28;;;D0073;1
12131436;28;;;D0073;1
12192737;28;;;D0073;1
12222559;28;;;D0073;1
12222559;28;;;D0073;1
12292713;28;;;D0073;1
12292713;28;;;D0073;1
12293169;28;;;D0073;1
12310183;28;;;D0073;1
12377042;28;;;D0073;1
12438471;28;;;D0073;1
12458379;28;;;D0073;1
12458379;28;;;D0073;1
12458383;28;;;D0073;1
12458383;28;;;D0073;1
12458383;28;;;D0073;1
12458383;28;;;D0073;1
12458383;28;;;D0073;1
12458383;28;;;D0073;1
12468029;28;;;D0073;1
12475256;28;;;D0073;1
12475269;28;;;D0073;1
11652429;29;;;D0073;1
11848383;29;;;D0073;1
11950330;29;;;D0073;1
12248347;22;;;D0073;1
12248353;22;;;D0073;1
12387939;22;;;D0073;1
12491294;22;;;D0073;1
11588864;23;;;D0073;1
11925367;23;;;D0073;1
11925384;23;;;D0073;1
12081587;23;;;D0073;1
12086263;23;;;D0073;1
12131935;23;;;D0073;1
12249265;23;;;D0073;1
12292748;23;;;D0073;1
12292748;23;;;D0073;1
12332437;23;;;D0073;1
12332437;23;;;D0073;1
12332437;23;;;D0073;1
12332437;23;;;D0073;1
11727521;21;;;D0073;1
11727521;21;;;D0073;1
11727521;21;;;D0073;1
11750986;21;;;D0073;1
11825539;21;;;D0073;1
12005963;19;;;D0073;1
11589366;22;;;D0073;1
11690260;22;;;D0073;1
11749602;22;;;D0073;1
11854760;22;;;D0073;1
11914446;22;;;D0073;1
11949343;22;;;D0073;1
12136213;22;;;D0073;1
12145262;22;;;D0073;1
12156590;22;;;D0073;1
12256778;20;;;D0073;1
12292760;20;;;D0073;1
12457985;20;;;D0073;1
12458542;20;;;D0073;1
12458542;20;;;D0073;1
12471501;20;;;D0073;1
12471519;20;;;D0073;1
12476078;17;;;D0073;1
12491300;17;;;D0073;1
11633579;18;;;D0073;1
11635798;18;;;D0073;1
11548394;21;;;D0073;1
11548684;21;;;D0073;1
11570482;21;;;D0073;1
11621758;21;;;D0073;1
11679973;21;;;D0073;1
11870716;21;;;D0073;1
11870716;21;;;D0073;1
11870716;21;;;D0073;1
11949152;21;;;D0073;1
11980777;21;;;D0073;1
12005496;21;;;D0073;1
12034823;21;;;D0073;1
12089162;21;;;D0073;1
12131909;21;;;D0073;1
12304938;21;;;D0073;1
12310010;21;;;D0073;1
12334936;21;;;D0073;1
12377055;21;;;D0073;1
12438539;21;;;D0073;1
12476057;21;;;D0073;1
12490066;21;;;D0073;1
12092367;14;;;D0073;1
12092371;14;;;D0073;1
11971816;9;;;D0073;1
12270840;9;;;D0073;1
12333070;9;;;D0073;1
12341148;9;;;D0073;1
12341148;9;;;D0073;1
11761764;14;;;D0073;1
11825303;14;;;D0073;1
11832427;14;;;D0073;1
11832484;14;;;D0073;1
11868862;14;;;D0073;1
11872445;14;;;D0073;1
11937921;14;;;D0073;1
11955566;14;;;D0073;1
12245292;14;;;D0073;1
12310128;14;;;D0073;1
12333040;14;;;D0073;1
12341003;14;;;D0073;1
12353388;14;;;D0073;1
12356749;14;;;D0073;1
12364583;14;;;D0073;1
12364583;14;;;D0073;1
12423879;14;;;D0073;1
12454766;14;;;D0073;1
12491498;14;;;D0073;1
12491498;14;;;D0073;1
12491831;14;;;D0073;1
11615226;15;;;D0073;1
11619286;15;;;D0073;1
11681261;15;;;D0073;1
11692676;15;;;D0073;1
11832324;15;;;D0073;1
12412797;9;;;D0073;1
12479954;9;;;D0073;1
12480197;9;;;D0073;1
12482251;9;;;D0073;1
12482273;9;;;D0073;1
12487516;9;;;D0073;1
11548609;10;;;D0073;1
11570335;10;;;D0073;1
11640277;10;;;D0073;1
11686791;10;;;D0073;1
11854841;10;;;D0073;1
11950402;10;;;D0073;1
11950408;10;;;D0073;1
11984843;10;;;D0073;1
11984843;10;;;D0073;1
11984843;10;;;D0073;1
12058717;10;;;D0073;1
12165540;10;;;D0073;1
12210625;10;;;D0073;1
12423026;8;;;D0073;1
12423038;8;;;D0073;1
12473505;8;;;D0073;1
12480154;8;;;D0073;1
11548419;9;;;D0073;1
11589494;9;;;D0073;1
11654995;9;;;D0073;1
11679325;9;;;D0073;1
11705355;9;;;D0073;1
11705363;9;;;D0073;1
11832667;9;;;D0073;1
11777893;13;;;D0073;1
11838338;13;;;D0073;1
12092935;13;;;D0073;1
12190435;13;;;D0073;1
12236066;13;;;D0073;1
12248333;13;;;D0073;1
12248362;13;;;D0073;1
12292881;13;;;D0073;1
12391452;13;;;D0073;1
12449244;13;;;D0073;1
11611466;14;;;D0073;1
11621749;14;;;D0073;1
11723042;14;;;D0073;1
12491524;15;;;D0073;1
11560995;16;;;D0073;1
11628463;16;;;D0073;1
11654913;16;;;D0073;1
11654913;16;;;D0073;1
11654913;16;;;D0073;1
11654913;16;;;D0073;1
11654913;16;;;D0073;1
11654913;16;;;D0073;1
11654984;16;;;D0073;1
11832657;16;;;D0073;1
11979113;16;;;D0073;1
11979113;16;;;D0073;1
11979113;16;;;D0073;1
11979113;16;;;D0073;1
12061582;16;;;D0073;1
12062496;16;;;D0073;1
12062514;16;;;D0073;1
12137089;16;;;D0073;1
12148364;16;;;D0073;1
12250238;16;;;D0073;1
12250238;16;;;D0073;1
12250238;16;;;D0073;1
12250238;16;;;D0073;1
12250238;16;;;D0073;1
12309281;16;;;D0073;1
12454808;16;;;D0073;1
11611527;17;;;D0073;1
12058749;15;;;D0073;1
12119964;15;;;D0073;1
12391478;15;;;D0073;1
12454487;15;;;D0073;1
12480187;15;;;D0073;1
11667220;17;;;D0073;1
11763132;17;;;D0073;1
11763132;17;;;D0073;1
12058733;17;;;D0073;1
12092340;17;;;D0073;1
12120837;17;;;D0073;1
12130991;17;;;D0073;1
12148824;17;;;D0073;1
12248391;17;;;D0073;1
12248391;17;;;D0073;1
12257449;17;;;D0073;1
12257449;17;;;D0073;1
11832368;18;;;D0073;1
11899347;18;;;D0073;1
11950357;18;;;D0073;1
11980754;18;;;D0073;1
11980758;18;;;D0073;1
12004722;18;;;D0073;1
12005482;18;;;D0073;1
12005934;18;;;D0073;1
12156877;18;;;D0073;1
12167891;18;;;D0073;1
12223385;18;;;D0073;1
12412147;18;;;D0073;1
12412147;18;;;D0073;1
12475240;18;;;D0073;1
12487423;18;;;D0073;1
11633635;19;;;D0073;1
11633718;19;;;D0073;1
11633718;19;;;D0073;1
11730857;19;;;D0073;1
11872441;19;;;D0073;1
12252671;19;;;D0073;1
12433846;19;;;D0073;1
12438507;19;;;D0073;1
12487893;19;;;D0073;1
12487905;19;;;D0073;1
11548752;20;;;D0073;1
11751115;20;;;D0073;1
11751115;20;;;D0073;1
11798359;20;;;D0073;1
12069001;20;;;D0073;1
12069001;20;;;D0073;1
12158234;20;;;D0073;1
12192797;20;;;D0073;1
12333091;10;;;D0073;1
12423897;10;;;D0073;1
12448151;10;;;D0073;1
12448174;10;;;D0073;1
12474682;10;;;D0073;1
12487639;10;;;D0073;1
11589520;11;;;D0073;1
11607790;11;;;D0073;1
11607790;11;;;D0073;1
11674324;11;;;D0073;1
11762840;11;;;D0073;1
11762962;11;;;D0073;1
11913889;11;;;D0073;1
11927930;11;;;D0073;1
12005958;11;;;D0073;1
12095407;11;;;D0073;1
12156774;11;;;D0073;1
12178639;11;;;D0073;1
12202305;11;;;D0073;1
12278579;11;;;D0073;1
12278579;11;;;D0073;1
12310044;11;;;D0073;1
12454780;11;;;D0073;1
12482410;11;;;D0073;1
12491630;11;;;D0073;1
12492992;11;;;D0073;1
12610341;11;;;D0073;1
11560973;12;;;D0073;1
11755253;12;;;D0073;1
11755339;12;;;D0073;1
11786646;12;;;D0073;1
11949133;12;;;D0073;1
11949161;12;;;D0073;1
11959917;12;;;D0073;1
11996244;12;;;D0073;1
12479906;12;;;D0073;1
11615223;13;;;D0073;1
11619316;13;;;D0073;1
11621955;13;;;D0073;1
11633575;13;;;D0073;1
11666346;13;;;D0073;1
12485604;6;;;D0073;1
11574433;7;;;D0073;1
11627203;7;;;D0073;1
11679373;7;;;D0073;1
11745244;7;;;D0073;1
11778163;7;;;D0073;1
11823708;7;;;D0073;1
12062522;7;;;D0073;1
12192785;7;;;D0073;1
12282827;7;;;D0073;1
12282898;7;;;D0073;1
12482259;7;;;D0073;1
12482372;7;;;D0073;1
12491475;7;;;D0073;1
11548536;8;;;D0073;1
11611468;8;;;D0073;1
11619335;8;;;D0073;1
11763733;8;;;D0073;1
11832466;8;;;D0073;1
11933506;8;;;D0073;1
12192805;8;;;D0073;1
12092378;5;;;D0073;1
12458556;5;;;D0073;1
12486065;5;;;D0073;1
11548618;6;;;D0073;1
11548647;6;;;D0073;1
11548659;6;;;D0073;1
11551357;6;;;D0073;1
11955174;6;;;D0073;1
12106008;6;;;D0073;1
12106024;6;;;D0073;1
11776737;5;;;D0073;1
11778221;5;;;D0073;1
12214402;6;;;D0073;1
12285989;6;;;D0073;1
12333212;6;;;D0073;1
11574458;5;;;D0073;1
11937955;4;;;D0073;1
12135248;4;;;D0073;1
12135258;4;;;D0073;1
11556407;5;;;D0073;1
11556407;5;;;D0073;1
11862100;4;;;D0073;1
12470582;3;;;D0073;1
12365801;4;;;D0073;1
11548900;4;;;D0073;1
11564770;4;;;D0073;1
11766970;4;;;D0073;1
11845840;4;;;D0073;1
12448358;3;;;D0073;1
12345440;3;;;D0073;1
12345780;3;;;D0073;1
12345780;3;;;D0073;1
12346167;3;;;D0073;1
12234221;3;;;D0073;1
12292796;3;;;D0073;1
12292863;3;;;D0073;1
12168162;3;;;D0073;1
12168162;3;;;D0073;1
11927955;3;;;D0073;1
12164916;3;;;D0073;1
12129543;3;;;D0073;1
11838275;3;;;D0073;1
11893209;3;;;D0073;1
11786049;3;;;D0073;1
11679265;3;;;D0073;1
11723550;3;;;D0073;1
11548567;3;;;D0073;1
12468128;1;;;D0073;1
12468128;1;;;D0073;1
12438583;2;;;D0073;1
11927916;2;;;D0073;1
11934060;2;;;D0073;1
11934060;2;;;D0073;1
11934066;2;;;D0073;1
11934072;2;;;D0073;1
11548386;2;;;D0073;1
11548413;2;;;D0073;1
12457028;1;;;D0073;1
11723534;1;;;D0073;1
12383228;1;;;D0073;1
12383394;1;;;D0073;1
12383774;1;;;D0073;1
12438040;1;;;D0073;1
12241645;1;;;D0073;1
12182474;1;;;D0073;1
12182523;1;;;D0073;1
12039038;1;;;D0073;1
12168001;1;;;D0073;1
12106014;1;;;D0073;1
12106014;1;;;D0073;1
12129413;1;;;D0073;1
11927901;1;;;D0073;1
11960723;1;;;D0073;1
11960723;1;;;D0073;1
11893178;1;;;D0073;1
11893197;1;;;D0073;1
11798383;1;;;D0073;1
11832273;1;;;D0073;1
11838302;1;;;D0073;1
11763025;1;;;D0073;1
11764430;1;;;D0073;1
12470610;0;;;D0073;1
12470618;0;;;D0073;1
12463061;0;;;D0073;1
12379308;0;;;D0073;1
12448104;0;;;D0073;1
12448104;0;;;D0073;1
12448177;0;;;D0073;1
12449560;0;;;D0073;1
12435592;0;;;D0073;1
12437599;0;;;D0073;1
12437988;0;;;D0073;1
12400269;0;;;D0073;1
12271192;0;;;D0073;1
12364029;0;;;D0073;1
12367457;0;;;D0073;1
12158822;0;;;D0073;1
12334910;0;;;D0073;1
12345638;0;;;D0073;1
12346440;0;;;D0073;1
12346479;0;;;D0073;1
12291115;0;;;D0073;1
12291139;0;;;D0073;1
12291168;0;;;D0073;1
12291195;0;;;D0073;1
12301363;0;;;D0073;1
12318039;0;;;D0073;1
12269035;0;;;D0073;1
12234247;0;;;D0073;1
12138353;0;;;D0073;1
12097324;0;;;D0073;1
12121086;0;;;D0073;1
12129249;0;;;D0073;1
12129277;0;;;D0073;1
12129317;0;;;D0073;1
12129336;0;;;D0073;1
12129350;0;;;D0073;1
12080591;0;;;D0073;1
12080606;0;;;D0073;1
12043006;0;;;D0073;1
12001619;0;;;D0073;1
12001626;0;;;D0073;1
11893226;0;;;D0073;1
11893721;0;;;D0073;1
11894594;0;;;D0073;1
11894605;0;;;D0073;1
11848445;0;;;D0073;1
11860891;0;;;D0073;1
11762827;0;;;D0073;1
11745351;0;;;D0073;1
11582383;0;;;D0073;1
11589446;0;;;D0073;1
11736337;0;;;D0073;1
11737727;0;;;D0073;1
11723519;0;;;D0073;1
11625697;0;;;D0073;1
11625920;0;;;D0073;1
11666632;0;;;D0073;1
11689991;0;;;D0073;1
11693405;0;;;D0073;1
12487628;NULL;;;D0073;1
11571438;0;;;D0073;1
12332848;NULL;;;D0073;1
12332848;NULL;;;D0073;1
12122937;NULL;;;D0073;1
12246024;NULL;;;D0073;1
11762818;NULL;;;D0073;1
11627213;NULL;;;D0073;1
11667353;NULL;;;D0073;1
12043005;NULL;;;D0073;1
12332767;NULL;;;D0082;1
12332767;NULL;;;D0082;1
12332767;NULL;;;D0082;1
12332767;NULL;;;D0082;1
12332767;NULL;;;D0082;1
12178020;NULL;;;D0082;1
11711351;0;;;D0082;1
11711351;0;;;D0082;1
11711351;0;;;D0082;1
11711351;0;;;D0082;1
11568330;0;;;D0082;1
11568330;0;;;D0082;1
11568330;0;;;D0082;1
11568330;0;;;D0082;1
11568330;0;;;D0082;1
11568330;0;;;D0082;1
11568330;0;;;D0082;1
11568330;0;;;D0082;1
11568330;0;;;D0082;1
11568330;0;;;D0082;1
11821294;0;;;D0082;1
11821294;0;;;D0082;1
11786312;0;;;D0082;1
11786312;0;;;D0082;1
11786312;0;;;D0082;1
11786312;0;;;D0082;1
11786312;0;;;D0082;1
11786312;0;;;D0082;1
11897156;0;;;D0082;1
12006055;0;;;D0082;1
12061768;0;;;D0082;1
12061768;0;;;D0082;1
12061768;0;;;D0082;1
12061768;0;;;D0082;1
12061768;0;;;D0082;1
12061768;0;;;D0082;1
12061768;0;;;D0082;1
12061768;0;;;D0082;1
11767306;0;;;D0082;1
12248080;0;;;D0082;1
12248080;0;;;D0082;1
12248080;0;;;D0082;1
12248080;0;;;D0082;1
12248080;0;;;D0082;1
12248080;0;;;D0082;1
12248080;0;;;D0082;1
12248080;0;;;D0082;1
12248080;0;;;D0082;1
12248080;0;;;D0082;1
12248080;0;;;D0082;1
12248080;0;;;D0082;1
12248080;0;;;D0082;1
12248080;0;;;D0082;1
12248080;0;;;D0082;1
12248080;0;;;D0082;1
12248080;0;;;D0082;1
12248080;0;;;D0082;1
12248080;0;;;D0082;1
12248080;0;;;D0082;1
12347508;0;;;D0082;1
12347508;0;;;D0082;1
12469515;0;;;D0082;1
12489822;0;;;D0082;1
12489822;0;;;D0082;1
11560477;1;;;D0082;1
12060663;3;;;D0082;1
12060663;3;;;D0082;1
12060663;3;;;D0082;1
12026164;3;;;D0082;1
12026164;3;;;D0082;1
11567208;3;;;D0082;1
11680004;5;;;D0082;1
12178257;6;;;D0082;1
12178257;6;;;D0082;1
12229126;8;;;D0082;1
11915996;7;;;D0082;1
12005750;19;;;D0082;1
12467737;17;;;D0082;1
12458319;15;;;D0082;1
12458319;15;;;D0082;1
12309148;15;;;D0082;1
11654876;17;;;D0082;1
11938171;9;;;D0082;1
11938171;9;;;D0082;1
11968557;15;;;D0082;1
11968557;15;;;D0082;1
11968557;15;;;D0082;1
11968557;15;;;D0082;1
11968557;15;;;D0082;1
12487388;14;;;D0082;1
12214519;14;;;D0082;1
11776645;13;;;D0082;1
11556275;22;;;D0082;1
11589049;22;;;D0082;1
11589049;22;;;D0082;1
11722347;18;;;D0082;1
11816048;18;;;D0082;1
11627220;22;;;D0082;1
12234353;19;;;D0082;1
12241584;19;;;D0082;1
11838354;21;;;D0082;1
12374732;23;;;D0082;1
12059128;29;;;D0082;1
12059128;29;;;D0082;1
12447892;24;;;D0082;1
12048757;24;;;D0082;1
12302162;25;;;D0082;1
12302162;25;;;D0082;1
12302162;25;;;D0082;1
12302162;25;;;D0082;1
12285551;27;;;D0082;1
12281565;26;;;D0082;1
12309842;26;;;D0082;1
12291895;33;;;D0082;1
12089146;31;;;D0082;1
12161201;30;;;D0082;1
12086317;35;;;D0082;1
11906080;34;;;D0082;1
12382523;32;;;D0082;1
12241257;34;;;D0082;1
12454675;34;;;D0082;1
12454675;34;;;D0082;1
12454675;34;;;D0082;1
12405551;38;;;D0082;1
12405551;38;;;D0082;1
12405551;38;;;D0082;1
12405551;38;;;D0082;1
12405551;38;;;D0082;1
12405551;38;;;D0082;1
12405551;38;;;D0082;1
12405551;38;;;D0082;1
12405551;38;;;D0082;1
12405551;38;;;D0082;1
12405551;38;;;D0082;1
12405551;38;;;D0082;1
12405551;38;;;D0082;1
12467313;38;;;D0082;1
11879636;39;;;D0082;1
12292667;38;;;D0082;1
12292667;38;;;D0082;1
12156695;37;;;D0082;1
12486076;46;;;D0082;1
12486076;46;;;D0082;1
12454624;45;;;D0082;1
12454624;45;;;D0082;1
12131809;46;;;D0082;1
12131809;46;;;D0082;1
12374825;45;;;D0082;1
11916003;43;;;D0082;1
12005731;44;;;D0082;1
12498085;37;;;D0082;1
12467339;41;;;D0082;1
11766949;41;;;D0082;1
11959636;50;;;D0082;1
12005728;49;;;D0082;1
12005728;49;;;D0082;1
12130193;49;;;D0082;1
12130193;49;;;D0082;1
12292680;49;;;D0082;1
12283212;48;;;D0082;1
11851689;48;;;D0082;1
11851689;48;;;D0082;1
12491246;39;;;D0082;1
12382913;46;;;D0082;1
11686720;56;;;D0082;1
12054377;53;;;D0082;1
12278593;53;;;D0082;1
12234293;57;;;D0082;1
11842043;57;;;D0082;1
11935205;57;;;D0082;1
11717627;51;;;D0082;1
12467326;56;;;D0082;1
11842107;68;;;D0082;1
11842107;68;;;D0082;1
11842107;68;;;D0082;1
11722328;68;;;D0082;1
11722328;68;;;D0082;1
12423536;62;;;D0082;1
11787336;62;;;D0082;1
11816078;60;;;D0082;1
12414339;70;;;D0082;1
12374794;70;;;D0082;1
12005741;70;;;D0082;1
12005741;70;;;D0082;1
12018793;70;;;D0082;1
12018793;70;;;D0082;1
11949290;70;;;D0082;1
11949290;70;;;D0082;1
11912517;69;;;D0082;1
12374794;68;;;D0082;1
12374794;68;;;D0082;1
12302162;91;;;D0082;1
12302162;91;;;D0082;1
11808992;61;;;D0082;1
12121272;90;;;D0082;1
12158148;88;;;D0082;1
12234184;86;;;D0082;1
12131801;85;;;D0082;1
12131801;85;;;D0082;1
12447881;75;;;D0082;1
12447881;75;;;D0082;1
12474570;80;;;D0082;1
12474570;80;;;D0082;1
12474570;80;;;D0082;1
12474570;80;;;D0082;1
12474570;80;;;D0082;1
12474570;80;;;D0082;1
12474570;80;;;D0082;1
12474570;80;;;D0082;1
12423187;79;;;D0082;1
11647058;80;;;D0082;1
11863274;80;;;D0082;1
11647028;79;;;D0082;1
11641096;77;;;D0082;1
11962642;75;;;D0082;1
12112475;75;;;D0082;1
11587287;75;;;D0082;1
11587287;75;;;D0082;1
12363690;73;;;D0082;1
12363690;73;;;D0082;1
11787361;111;;;D0082;1
12013884;105;;;D0082;1
11750876;105;;;D0082;1
12334963;101;;;D0082;1
12059141;100;;;D0082;1
12491616;98;;;D0082;1
12086304;93;;;D0082;1
12477555;95;;;D0082;1
12315391;95;;;D0082;1
11621741;119;;;D0082;1
11624596;119;;;D0082;1
11704948;119;;;D0082;1
12106217;116;;;D0082;1
12495248;113;;;D0082;1
11980590;128;;;D0082;1
12405418;127;;;D0082;1
11997653;127;;;D0082;1
12302162;121;;;D0082;1
12302162;121;;;D0082;1
12302162;121;;;D0082;1
12405440;121;;;D0082;1
12327236;117;;;D0082;1
12423089;119;;;D0082;1
11809050;152;;;D0082;1
11809050;152;;;D0082;1
11914195;152;;;D0082;1
11914195;152;;;D0082;1
11914195;152;;;D0082;1
11914195;152;;;D0082;1
11914195;152;;;D0082;1
11914195;152;;;D0082;1
11962633;143;;;D0082;1
11962633;143;;;D0082;1
11962633;143;;;D0082;1
11842107;138;;;D0082;1
11577771;138;;;D0082;1
11798288;129;;;D0082;1
11997401;131;;;D0082;1
11997401;131;;;D0082;1
11997401;131;;;D0082;1
11842107;142;;;D0082;1
11842107;142;;;D0082;1
11842107;142;;;D0082;1
11777926;161;;;D0082;1
11633779;153;;;D0082;1
11633779;153;;;D0082;1
11633779;153;;;D0082;1
11633779;153;;;D0082;1
11704048;162;;;D0082;1
12092948;153;;;D0082;1
11615218;187;;;D0082;1
12292633;183;;;D0082;1
12234196;186;;;D0082;1
12234196;186;;;D0082;1
11761662;182;;;D0082;1
11761662;182;;;D0082;1
11912517;181;;;D0082;1
12302162;179;;;D0082;1
12214834;178;;;D0082;1
11824462;175;;;D0082;1
11824462;175;;;D0082;1
12458298;197;;;D0082;1
11816235;223;;;D0082;1
11816235;223;;;D0082;1
11816235;223;;;D0082;1
11586910;237;;;D0082;1
11586910;237;;;D0082;1
12427733;233;;;D0082;1
12166739;285;;;D0082;1
12166739;285;;;D0082;1
12032470;270;;;D0082;1
12032470;270;;;D0082;1
12032470;270;;;D0082;1
12032470;270;;;D0082;1
12299137;257;;;D0082;1
12299137;257;;;D0082;1
11693540;262;;;D0082;1
11799503;251;;;D0082;1
11914195;251;;;D0082;1
11859355;248;;;D0082;1
11823648;293;;;D0082;1
11823648;293;;;D0082;1
11823648;293;;;D0082;1
11823648;293;;;D0082;1
11823648;293;;;D0082;1
11823648;293;;;D0082;1
11823648;293;;;D0082;1
11823648;293;;;D0082;1
11823648;293;;;D0082;1
11823648;293;;;D0082;1
11823648;293;;;D0082;1
11823648;293;;;D0082;1
11823648;293;;;D0082;1
11823648;293;;;D0082;1
11823648;293;;;D0082;1
11823648;293;;;D0082;1
11823648;293;;;D0082;1
11823648;293;;;D0082;1
11823648;293;;;D0082;1
11935129;275;;;D0082;1
11989734;307;;;D0082;1
12413848;356;;;D0082;1
11823648;316;;;D0082;1
12429008;350;;;D0082;1
12374576;346;;;D0082;1
12374576;346;;;D0082;1
11615221;343;;;D0082;1
11615221;343;;;D0082;1
11587351;336;;;D0082;1
11717781;318;;;D0082;1
12491269;319;;;D0082;1
11635817;332;;;D0082;1
12165486;308;;;D0082;1
11611489;254;;;D0082;1
11937304;290;;;D0082;1
12094835;445;;;D0082;1
12094835;445;;;D0082;1
12414348;441;;;D0082;1
12414348;441;;;D0082;1
12382824;425;;;D0082;1
12382824;425;;;D0082;1
12190635;407;;;D0082;1
12382824;397;;;D0082;1
12382824;397;;;D0082;1
12332767;384;;;D0082;1
12332767;384;;;D0082;1
12332767;384;;;D0082;1
12332767;384;;;D0082;1
12332767;384;;;D0082;1
12332767;384;;;D0082;1
12454515;377;;;D0082;1
11762890;378;;;D0082;1
11762890;378;;;D0082;1
11762890;378;;;D0082;1
12256547;1125;;;D0082;1
11816235;1086;;;D0082;1
11816235;1086;;;D0082;1
11816235;1086;;;D0082;1
11736484;935;;;D0082;1
12005764;737;;;D0082;1
12471605;710;;;D0082;1
11693540;640;;;D0082;1
12058901;610;;;D0082;1
12058901;610;;;D0082;1
12292606;601;;;D0082;1
12158126;546;;;D0082;1
11997015;549;;;D0082;1
11676900;506;;;D0082;1
12045466;490;;;D0082;1
11823648;433;;;D0082;1
12454515;473;;;D0082;1
12256547;793;;;D0082;1
11997030;571;;;D0082;1
11722460;1452;;;D0082;1
11731887;230;;;D1005;1
12153747;220;;;D1005;1
12153747;220;;;D1005;1
11705098;153;;;D1005;1
12204709;66;;;D1005;1
12410954;50;;;D1005;1
11838144;48;;;D1472;1
12079351;50;;;D1472;1
11838152;50;;;D1472;1
11842952;49;;;D1472;1
12275328;39;;;D1472;1
12275336;39;;;D1472;1
11551667;43;;;D1472;1
11950653;62;;;D1472;1
12460898;62;;;D1472;1
12387089;70;;;D1472;1
12135812;69;;;D1472;1
11625952;70;;;D1472;1
11759894;72;;;D1472;1
11706131;51;;;D1472;1
12027603;56;;;D1472;1
11741067;61;;;D1472;1
11911207;59;;;D1472;1
11767875;123;;;D1472;1
11836963;124;;;D1472;1
12314087;111;;;D1472;1
12458031;112;;;D1472;1
12027593;115;;;D1472;1
12268218;115;;;D1472;1
11741046;114;;;D1472;1
11767944;114;;;D1472;1
11984610;119;;;D1472;1
11908126;93;;;D1472;1
11741062;93;;;D1472;1
12434931;104;;;D1472;1
11741057;96;;;D1472;1
11654661;104;;;D1472;1
12027642;105;;;D1472;1
12027701;110;;;D1472;1
12027694;108;;;D1472;1
12322535;108;;;D1472;1
12314636;106;;;D1472;1
12027625;73;;;D1472;1
11832350;74;;;D1472;1
11833280;74;;;D1472;1
11656250;79;;;D1472;1
12027638;80;;;D1472;1
12042789;77;;;D1472;1
12164660;81;;;D1472;1
11698190;82;;;D1472;1
12314638;88;;;D1472;1
11741072;89;;;D1472;1
12027630;89;;;D1472;1
12225631;84;;;D1472;1
11842898;91;;;D1472;1
11951340;153;;;D1472;1
11639449;147;;;D1472;1
11580004;153;;;D1472;1
11639435;145;;;D1472;1
11758861;168;;;D1472;1
12015827;166;;;D1472;1
12269954;129;;;D1472;1
12294289;131;;;D1472;1
11851537;133;;;D1472;1
12472889;137;;;D1472;1
11653476;144;;;D1472;1
11761537;189;;;D1472;1
11703239;225;;;D1472;1
12422872;223;;;D1472;1
12027578;231;;;D1472;1
11916015;235;;;D1472;1
12058919;217;;;D1472;1
11916017;238;;;D1472;1
11916019;238;;;D1472;1
11564162;203;;;D1472;1
11849424;210;;;D1472;1
11917410;199;;;D1472;1
11772824;196;;;D1472;1
11741038;180;;;D1472;1
11772835;185;;;D1472;1
11890706;192;;;D1472;1
11960908;382;;;D1472;1
12027485;382;;;D1472;1
12386304;366;;;D1472;1
11574478;383;;;D1472;1
11547717;391;;;D1472;1
11547717;391;;;D1472;1
12386275;394;;;D1472;1
11774789;398;;;D1472;1
11774762;400;;;D1472;1
11853945;423;;;D1472;1
11639389;425;;;D1472;1
11639411;425;;;D1472;1
11774782;421;;;D1472;1
11774777;433;;;D1472;1
11533948;446;;;D1472;1
11916013;240;;;D1472;1
12359845;337;;;D1472;1
11571121;363;;;D1472;1
11911272;290;;;D1472;1
12100589;287;;;D1472;1
11794734;288;;;D1472;1
11772831;257;;;D1472;1
11916005;252;;;D1472;1
11916007;252;;;D1472;1
11916009;252;;;D1472;1
11916011;252;;;D1472;1
11772829;269;;;D1472;1
12440206;33;;;D1472;1
12452688;33;;;D1472;1
11741078;37;;;D1472;1
12363899;32;;;D1472;1
11818809;34;;;D1472;1
11849948;30;;;D1472;1
11653707;25;;;D1472;1
12435622;15;;;D1472;1
11551893;6;;;D1472;1
11916021;4;;;D1472;1
12399501;NULL;;;D1472;1
12400620;NULL;;;D1472;1
12400620;NULL;;;D1472;1
12400620;NULL;;;D1472;1
12400905;NULL;;;D1472;1
12409212;NULL;;;D1472;1
12431287;NULL;;;D1472;1
12432126;NULL;;;D1472;1
12441345;NULL;;;D1472;1
12443103;NULL;;;D1472;1
11533948;NULL;;;D1472;1
12489783;NULL;;;D1472;1
12178728;NULL;;;D1472;1
12185778;NULL;;;D1472;1
12212130;NULL;;;D1472;1
12221368;NULL;;;D1472;1
12221368;NULL;;;D1472;1
12223284;NULL;;;D1472;1
12225180;NULL;;;D1472;1
12233119;NULL;;;D1472;1
12242599;NULL;;;D1472;1
12332838;NULL;;;D1472;1
12167861;NULL;;;D1472;1
12171737;NULL;;;D1472;1
11845477;NULL;;;D1472;1
11859280;NULL;;;D1472;1
12266835;NULL;;;D1472;1
12269168;NULL;;;D1472;1
12271342;NULL;;;D1472;1
12271342;NULL;;;D1472;1
12272404;NULL;;;D1472;1
12288908;NULL;;;D1472;1
12291739;NULL;;;D1472;1
12291739;NULL;;;D1472;1
12293750;NULL;;;D1472;1
12298914;NULL;;;D1472;1
12298932;NULL;;;D1472;1
12311916;NULL;;;D1472;1
12313019;NULL;;;D1472;1
12313019;NULL;;;D1472;1
12316935;NULL;;;D1472;1
12319910;NULL;;;D1472;1
12323318;NULL;;;D1472;1
12323674;NULL;;;D1472;1
12325369;NULL;;;D1472;1
12325369;NULL;;;D1472;1
12333175;NULL;;;D1472;1
12333270;NULL;;;D1472;1
12333314;NULL;;;D1472;1
12333853;NULL;;;D1472;1
12335531;NULL;;;D1472;1
12335767;NULL;;;D1472;1
12335767;NULL;;;D1472;1
12342084;NULL;;;D1472;1
12342084;NULL;;;D1472;1
12342084;NULL;;;D1472;1
12347618;NULL;;;D1472;1
12347618;NULL;;;D1472;1
12349850;NULL;;;D1472;1
12349850;NULL;;;D1472;1
12350965;NULL;;;D1472;1
12351677;NULL;;;D1472;1
12352354;NULL;;;D1472;1
12352354;NULL;;;D1472;1
12352354;NULL;;;D1472;1
12355221;NULL;;;D1472;1
12358170;NULL;;;D1472;1
12364427;NULL;;;D1472;1
12365077;NULL;;;D1472;1
12448501;NULL;;;D1472;1
12448590;NULL;;;D1472;1
12448839;NULL;;;D1472;1
12448839;NULL;;;D1472;1
12448839;NULL;;;D1472;1
12448839;NULL;;;D1472;1
12448839;NULL;;;D1472;1
12448839;NULL;;;D1472;1
12449157;NULL;;;D1472;1
12450000;NULL;;;D1472;1
12450144;NULL;;;D1472;1
12450473;NULL;;;D1472;1
12450473;NULL;;;D1472;1
12451848;NULL;;;D1472;1
12454228;NULL;;;D1472;1
12454228;NULL;;;D1472;1
12467682;NULL;;;D1472;1
12470385;NULL;;;D1472;1
12470628;NULL;;;D1472;1
12475326;NULL;;;D1472;1
12064114;NULL;;;D1472;1
12077069;NULL;;;D1472;1
12077430;NULL;;;D1472;1
12080650;NULL;;;D1472;1
12083869;NULL;;;D1472;1
12085978;NULL;;;D1472;1
12086548;NULL;;;D1472;1
12090550;NULL;;;D1472;1
12090598;NULL;;;D1472;1
12090629;NULL;;;D1472;1
12090648;NULL;;;D1472;1
12090648;NULL;;;D1472;1
12090648;NULL;;;D1472;1
12090667;NULL;;;D1472;1
12090688;NULL;;;D1472;1
12090688;NULL;;;D1472;1
12090688;NULL;;;D1472;1
12090688;NULL;;;D1472;1
12090722;NULL;;;D1472;1
12090735;NULL;;;D1472;1
12090744;NULL;;;D1472;1
12090763;NULL;;;D1472;1
12090779;NULL;;;D1472;1
12090792;NULL;;;D1472;1
12090792;NULL;;;D1472;1
12090817;NULL;;;D1472;1
12090837;NULL;;;D1472;1
12090857;NULL;;;D1472;1
12091182;NULL;;;D1472;1
12091406;NULL;;;D1472;1
12091710;NULL;;;D1472;1
12091953;NULL;;;D1472;1
12091971;NULL;;;D1472;1
12091985;NULL;;;D1472;1
12092012;NULL;;;D1472;1
12093244;NULL;;;D1472;1
12093308;NULL;;;D1472;1
12093312;NULL;;;D1472;1
12093312;NULL;;;D1472;1
12093312;NULL;;;D1472;1
12096240;NULL;;;D1472;1
12096871;NULL;;;D1472;1
12096999;NULL;;;D1472;1
12099445;NULL;;;D1472;1
12099510;NULL;;;D1472;1
12099557;NULL;;;D1472;1
12099954;NULL;;;D1472;1
12099954;NULL;;;D1472;1
12099982;NULL;;;D1472;1
12100004;NULL;;;D1472;1
12100060;NULL;;;D1472;1
12100073;NULL;;;D1472;1
12100096;NULL;;;D1472;1
12100290;NULL;;;D1472;1
12100306;NULL;;;D1472;1
12100734;NULL;;;D1472;1
12100851;NULL;;;D1472;1
12100888;NULL;;;D1472;1
12104309;NULL;;;D1472;1
12104902;NULL;;;D1472;1
12107339;NULL;;;D1472;1
12107910;NULL;;;D1472;1
12107931;NULL;;;D1472;1
12110708;NULL;;;D1472;1
12122381;NULL;;;D1472;1
11677415;NULL;;;D1472;1
11703817;NULL;;;D1472;1
11716183;NULL;;;D1472;1
11737489;NULL;;;D1472;1
11639375;NULL;;;D1472;1
11620150;NULL;;;D1472;1
11556714;NULL;;;D1472;1
11592989;NULL;;;D1472;1
11593437;NULL;;;D1472;1
11593437;NULL;;;D1472;1
11594717;NULL;;;D1472;1
11933999;NULL;;;D1472;1
11933999;NULL;;;D1472;1
11933999;NULL;;;D1472;1
11951535;NULL;;;D1472;1
11951535;NULL;;;D1472;1
11960918;NULL;;;D1472;1
11964746;NULL;;;D1472;1
11964746;NULL;;;D1472;1
11964746;NULL;;;D1472;1
11966142;NULL;;;D1472;1
11877370;NULL;;;D1472;1
11878471;NULL;;;D1472;1
11885346;NULL;;;D1472;1
11885478;NULL;;;D1472;1
11888583;NULL;;;D1472;1
11889920;NULL;;;D1472;1
11889920;NULL;;;D1472;1
11905621;NULL;;;D1472;1
11905814;NULL;;;D1472;1
12248870;NULL;;;D1472;1
12252859;NULL;;;D1472;1
12252859;NULL;;;D1472;1
12253941;NULL;;;D1472;1
12254916;NULL;;;D1472;1
12254964;NULL;;;D1472;1
12255085;NULL;;;D1472;1
12255164;NULL;;;D1472;1
12255206;NULL;;;D1472;1
12255206;NULL;;;D1472;1
12256536;NULL;;;D1472;1
12256714;NULL;;;D1472;1
12256768;NULL;;;D1472;1
12256768;NULL;;;D1472;1
12256810;NULL;;;D1472;1
12256918;NULL;;;D1472;1
12256926;NULL;;;D1472;1
12257001;NULL;;;D1472;1
12257287;NULL;;;D1472;1
12265379;NULL;;;D1472;1
12265379;NULL;;;D1472;1
12265382;NULL;;;D1472;1
12131398;NULL;;;D1472;1
12137471;NULL;;;D1472;1
12138429;NULL;;;D1472;1
12138429;NULL;;;D1472;1
12141642;NULL;;;D1472;1
12142549;NULL;;;D1472;1
12148785;NULL;;;D1472;1
12148788;NULL;;;D1472;1
12155665;NULL;;;D1472;1
12155875;NULL;;;D1472;1
12025226;NULL;;;D1472;1
12027470;NULL;;;D1472;1
12036603;NULL;;;D1472;1
11648875;1455;;;D1472;1
11654793;1597;;;D1472;1
11736275;1285;;;D1472;1
11736275;1285;;;D1472;1
11843339;1333;;;D1472;1
12292940;795;;;D1472;1
11659148;2201;;;D1472;1
11546816;3687;;;D1472;1
11878688;460;;;D1472;1
11587558;453;;;D1472;1
11774772;473;;;D1472;1
12067517;558;;;D1472;1
12096739;657;;;D1472;1
11977427;631;;;D1472;1
11843254;751;;;D1472;1
12281402;720;;;D1472;1
11752765;887;;;D1472;1
11940861;785;;;D1472;1
12386336;1038;;;D1472;1
12164182;1046;;;D1472;1
11959350;949;;;D1472;1
12487336;965;;;D1472;1
11865270;NULL;;;D8001;1
11865270;NULL;;;D8001;1
11865270;NULL;;;D8001;1
11865270;NULL;;;D8001;1
12475986;NULL;;;D8001;1
11690022;13;;;D8001;1
12489761;15;;;D8001;1
12489761;15;;;D8001;1
12343427;19;;;D8001;1
12343427;19;;;D8001;1
12343427;19;;;D8001;1
12343427;19;;;D8001;1
12343427;19;;;D8001;1
12343427;19;;;D8001;1
12343427;19;;;D8001;1
12004141;14;;;D8001;1
12004141;14;;;D8001;1
12475986;20;;;D8001;1
12475986;20;;;D8001;1
12214719;21;;;D8001;1
12214719;21;;;D8001;1
11661903;22;;;D8001;1
12475986;27;;;D8001;1
12475986;31;;;D8001;1
12489799;34;;;D8001;1
11707765;36;;;D8001;1
12480728;341;;;D8001;1
12480728;341;;;D8001;1
12480728;341;;;D8001;1
12480728;341;;;D8001;1
12480728;341;;;D8001;1
12480728;341;;;D8001;1
11694967;313;;;D8001;1
12476029;174;;;D8001;1
11750602;154;;;D8001;1
12187612;84;;;D8001;1
12319839;85;;;D8001;1
12319839;85;;;D8001;1
12228051;83;;;D8001;1
11727572;73;;;D8001;1
11727572;73;;;D8001;1
11727572;73;;;D8001;1
12395442;75;;;D8001;1
11727558;77;;;D8001;1
11727558;77;;;D8001;1
11727558;77;;;D8001;1
11727558;77;;;D8001;1
11727558;77;;;D8001;1
11694967;96;;;D8001;1
12319839;95;;;D8001;1
12187612;120;;;D8001;1
11727572;66;;;D8001;1
12439923;70;;;D8001;1
11694967;42;;;D8001;1
11727572;45;;;D8001;1
12356710;46;;;D8001;1
12141406;47;;;D8001;1
11727572;48;;;D8001;1
11694967;55;;;D8001;1
11694967;55;;;D8001;1
11694967;55;;;D8001;1
