Enolièna ID številka kaznivega dejanja;Mesec in leto prejema ovadbe;Vrsta Ovaditelja;Starost storilca;Spol storilca M/Ž;Kazenski zakonik;Šifra kaznivega dejanja;Tip oškodovanc;Vrsta škode/koristi;Višina škode/koristi;Status kaznivega dejanja
--------------------------------------;----------------------------;----------------;----------------;-----------------;----------------;-----------------------;--------------;-------------------;--------------------;------------------------
41108955;2019-2;0;39;m;KZ-1;259010;6;0;44.32;D0073
41108997;2019-2;1;37;m;KZ-1;266000;6;0;10.68;D0073
41108998;2019-2;1;39;m;KZ-1;266000;6;0;NULL;D0073
41109003;2019-2;1;40;m;KZ-1;141031;6;0;0.00;D0003
41109009;2019-2;1;32;m;KZ-1;266000;6;0;NULL;D0073
41109449;2019-2;1;47;m;KZ-1;209021;6;0;NULL;D0966
41109450;2019-2;1;31;m;KZ-1;209021;6;0;0.00;D0966
41110318;2019-2;6;43;m;KZ-1;260010;NULL;0;NULL;D0966
41110681;2019-2;1;33;m;KZ-1;211010;NULL;0;NULL;D0003
41110993;2019-2;1;41;m;KZ-1;211010;6;0;13500.00;D0073
41111608;2019-3;1;34;ž;KZ-1;138021;6;0;NULL;D0003
41111949;2019-2;1;40;m;KZ-1;122010;NULL;0;NULL;D0966
41111989;2019-3;1;38;m;KZ-1;259010;6;0;NULL;D0966
41112556;2018-11;1;42;m;KZ-1;143010;6;0;NULL;D0008
41112891;2019-3;1;NULL;m;KZ-1;257030;6;0;NULL;D0073
41113242;2019-3;1;34;ž;KZ-1;284030;6;0;NULL;D1465
41113243;2019-3;1;34;ž;KZ-1;283010;6;0;0.00;D1465
41113346;0000-00;NULL;NULL;m;KZ-1;251010;6;0;35.00;D0003
41113347;0000-00;NULL;36;m;KZ-1;251010;6;0;103.49;D0003
41113469;2019-3;1;40;m;KZ-1;191010;6;0;NULL;D0073
41114223;2019-3;6;54;m;KZ-1;324010;6;0;0.00;D0098
41114612;2019-3;1;48;m;KZ-1;144021;NULL;0;NULL;D0003
41114613;2019-3;1;32;m;KZ-1;144021;NULL;0;NULL;D0003
41114614;2019-3;1;34;ž;KZ-1;144021;NULL;0;NULL;D0003
41114615;2019-3;1;39;m;KZ-1;144021;NULL;0;NULL;D0003
41115329;2018-10;1;41;m;KZ-1;208010;6;0;NULL;D0003
41116026;2019-2;1;41;m;KZ-1;141031;6;0;NULL;D0003
41116027;2019-2;1;NULL;;KZ-1;141031;6;0;NULL;D0003
41116028;2019-2;1;NULL;m;KZ-1;141031;6;0;NULL;D0003
41116029;2019-2;1;NULL;m;KZ-1;141031;6;0;NULL;D0003
41116030;2019-2;1;NULL;m;KZ-1;141031;6;0;NULL;D0003
41116031;2019-2;1;NULL;m;KZ-1;141031;6;0;NULL;D0003
41116032;2019-2;1;NULL;m;KZ-1;141031;6;0;NULL;D0003
41116033;2019-2;1;NULL;m;KZ-1;141031;6;0;NULL;D0003
41116034;2019-2;1;NULL;;KZ-1;141031;6;0;NULL;D0003
41116084;2019-3;1;NULL;m;KZ-1;257010;6;0;NULL;D0966
41116085;2019-3;1;NULL;m;KZ-1;257010;6;0;NULL;D0966
41116226;2019-3;0;32;m;KZ-1;258000;6;0;0.00;D0098
41116228;2019-3;0;35;ž;KZ-1B;258000;6;0;NULL;D0098
41116238;2019-3;1;45;m;KZ-1;143042;NULL;0;NULL;D0966
41116313;2019-3;1;31;m;KZ-1;257010;6;0;1400.00;D0966
41116517;2019-3;1;44;m;KZ-1;258000;NULL;0;NULL;D0073
41116521;2019-3;1;39;ž;KZ-1;257010;NULL;0;NULL;D0073
41116609;2019-3;1;42;m;KZ-1;209010;6;0;0.00;D0073
41116618;2019-3;1;42;m;KZ-1;211010;6;0;500.00;D0073
41116635;2019-3;1;38;m;KZ-1;257010;NULL;0;NULL;D0003
41116636;2019-3;1;35;ž;KZ-1;257010;NULL;0;NULL;D0003
41116888;2019-3;1;45;m;KZ-1;266000;6;0;NULL;D0073
41116893;2019-3;1;39;m;KZ-1;284010;6;0;NULL;D0003
41117030;2019-2;1;NULL;m;KZ-1;266000;6;0;NULL;D0073
41117036;2019-2;1;47;m;KZ-1;266000;6;0;NULL;D0966
41117037;2019-2;1;31;m;KZ-1;266000;6;0;NULL;D0966
41117174;2019-3;6;NULL;m;KZ-1;209010;6;0;NULL;D0073
41118833;2019-3;1;45;m;KZ-1;197010;6;0;NULL;D0008
41118834;2019-3;1;36;m;KZ-1;197010;6;0;NULL;D0008
41119726;2019-3;1;36;m;KZ-1;284010;6;0;0.00;D1465
41119735;2019-3;1;37;m;KZ-1;259010;6;0;100.00;D0073
41119736;2019-3;1;37;m;KZ-1;259010;6;0;0.00;D0073
41119737;2019-3;1;36;ž;KZ-1;259010;6;0;0.00;D0073
41119746;2019-3;1;39;m;KZ-1;259010;6;0;0.00;D0073
41119747;2019-3;1;49;m;KZ-1;259010;6;0;29.88;D0073
41119861;2019-3;0;51;m;KZ-1;259010;6;0;15300.00;D0073
41119933;2019-3;0;31;m;KZ-1C;263020;6;0;53.00;D0966
41120576;2019-3;0;35;m;KZ-1;259010;NULL;0;NULL;D0073
41120577;2019-3;0;35;m;KZ-1;259010;NULL;0;NULL;D0073
41120666;2019-3;1;36;m;KZ-1;258000;NULL;0;NULL;D0073
41120667;2019-3;1;35;ž;KZ-1;258000;NULL;0;NULL;D0073
41121175;2019-3;1;31;m;KZ-1;266000;NULL;0;NULL;D0003
41121176;2019-3;1;NULL;m;KZ-1;266000;6;0;NULL;D0003
41122034;2019-4;1;38;m;KZ-1;204021;NULL;0;NULL;D0966
41122709;2018-6;0;NULL;m;KZ-1;257010;6;0;NULL;D0003
41122710;2018-6;0;43;m;KZ-1;257010;6;0;NULL;D0003
41123308;2018-11;2;59;m;KZ-1;240021;6;0;NULL;D0082
41123309;2018-11;2;34;ž;KZ-1;240021;6;0;NULL;D0082
41123445;2018-11;2;32;m;KZ-1;245021;6;0;NULL;D0073
41123450;2018-11;2;59;m;KZ-1;245021;6;0;NULL;D0073
41123451;2018-11;2;34;ž;KZ-1;245021;6;0;NULL;D0073
41123452;2018-11;2;32;m;KZ-1;245021;6;0;NULL;D0073
41123454;2018-11;2;59;m;KZ-1;245021;6;0;NULL;D0073
41123455;2018-11;2;34;ž;KZ-1;245021;6;0;NULL;D0073
41123548;2019-4;1;42;m;KZ-1;141031;6;0;NULL;D0073
41123578;2019-4;1;37;m;KZ-1;176010;6;0;NULL;D0003
41123602;2019-4;1;42;ž;KZ-1;283010;6;0;150.00;D0073
41125220;2019-3;1;39;m;KZ-1;257010;6;0;NULL;D0003
41125245;2019-4;1;NULL;m;KZ-1;209031;6;0;NULL;D0003
41125481;2019-4;1;38;m;KZ-1;217010;6;0;NULL;D0073
41125482;2019-4;1;58;ž;KZ-1;217010;6;0;NULL;D0073
41125826;2018-10;1;32;m;KZ-1;204010;6;0;NULL;D0003
41125827;2018-10;1;33;m;KZ-1;158021;NULL;0;NULL;D0003
41126233;2019-4;0;47;m;KZ-1;259010;6;0;245.04;D0073
41126253;2019-4;0;36;m;KZ-1;258000;6;0;0.00;D0966
41126254;2019-4;0;35;ž;KZ-1;258000;6;0;0.00;D0966
41126297;2019-4;1;43;m;KZ-1;259010;6;0;0.00;D0008
41127016;2018-4;0;NULL;;KZ-1;251010;6;0;NULL;D0003
41127252;2019-4;1;48;m;KZ-1;266000;6;0;NULL;D0073
41127253;2019-4;1;47;m;KZ-1;266000;6;0;0.00;D0073
41127254;2019-4;1;41;m;KZ-1;266000;6;0;20.49;D0073
41127255;2019-4;1;41;m;KZ-1;266000;6;0;NULL;D0073
41127256;2019-4;1;42;m;KZ-1;266000;6;0;NULL;D0073
41127323;2019-4;1;47;m;KZ-1;257010;6;0;30.00;D0073
41127324;2019-4;1;36;ž;KZ-1;257010;6;0;NULL;D0073
41127952;2019-4;1;33;m;KZ-1;204010;6;0;0.00;D0003
41128018;2019-4;0;37;m;KZ-1;257010;6;0;NULL;D0966
41128057;2019-4;1;33;m;KZ-1;208010;NULL;0;NULL;D0073
41128058;2019-4;1;29;m;KZ-1;208010;6;0;NULL;D0073
41128059;2019-4;1;33;m;KZ-1;136021;6;0;NULL;D0073
41128060;2019-4;1;29;m;KZ-1;136021;6;0;0.00;D0073
41128941;2019-4;0;45;m;KZ-1;323021;6;0;6.89;D0082
41130059;2019-2;1;43;m;KZ-1C;257110;6;0;NULL;D0073
41130320;2019-4;1;37;ž;KZ-1E;257010;6;0;NULL;D0073
41130332;2019-4;0;48;m;KZ-1;208021;6;0;NULL;D0073
41130376;2019-4;1;48;m;KZ-1;131010;6;0;0.00;D0073
41130377;2019-4;1;42;ž;KZ-1;131010;6;0;0.00;D0073
41130378;2019-4;1;58;m;KZ-1;131010;6;0;0.00;D0073
41131560;2019-4;1;NULL;m;KZ-1;197010;NULL;0;NULL;D0073
41131564;2019-4;1;41;m;KZ-1;266000;6;0;0.00;D0073
41131565;2019-4;1;38;m;KZ-1;257021;6;0;0.00;D0073
41131688;2019-4;1;39;m;KZ-1;266000;NULL;0;NULL;D0073
41131810;2019-4;1;40;m;KZ-1;221010;6;0;NULL;D0073
41131817;2019-5;1;NULL;m;KZ-1E;257010;6;0;NULL;D0073
41131826;2019-5;1;48;m;KZ-1;283051;6;0;NULL;D0073
41132915;2019-5;1;NULL;m;KZ-1E;257010;6;0;NULL;D0003
41135166;2019-5;0;52;m;KZ-1E;257010;6;0;NULL;D0073
41135173;2019-5;1;41;m;KZ-1;132010;6;0;NULL;D0966
41135175;2019-5;1;41;m;KZ-1;133021;6;0;NULL;D0966
41135176;2019-5;1;41;m;KZ-1;266000;6;0;1875.14;D0966
41135214;2019-5;1;47;m;KZ-1;257010;6;0;NULL;D0966
41135216;2019-5;1;47;m;KZ-1;258000;6;0;NULL;D0966
41135218;2019-5;1;68;;KZ-1;283010;6;0;NULL;D0073
41135219;2019-5;1;68;;KZ-1;211010;6;0;NULL;D0073
41135233;2019-5;1;32;m;KZ-1;258000;6;0;2550.00;D0073
41135245;2019-5;1;42;m;KZ-1;192010;NULL;0;NULL;D0008
41135260;2019-5;1;31;m;KZ-1;266000;6;0;300.00;D0073
41135261;2019-5;1;31;m;KZ-1;257010;6;0;NULL;D0073
41135271;2019-5;1;45;m;KZ-1;138010;NULL;0;NULL;D0073
41135272;2019-5;1;45;m;KZ-1;197010;6;0;NULL;D0073
41135274;2019-5;1;45;m;KZ-1C;134110;NULL;0;NULL;D0073
41135276;2019-5;1;42;ž;KZ-1C;134110;NULL;0;NULL;D0073
41135333;2019-5;1;46;m;KZ-1;135010;NULL;0;NULL;D0073
41135334;2019-5;1;40;m;KZ-1;135010;NULL;0;NULL;D0073
41135830;2019-5;1;43;m;KZ-1;257010;6;0;NULL;D0073
41135835;2019-5;1;52;m;KZ-1;266000;6;0;1500.00;D0073
41135931;2019-5;1;47;m;KZ-1C;135010;6;0;NULL;D0098
41136182;2019-5;1;39;m;KZ-1;259010;6;0;0.00;D0073
41136544;2019-5;1;38;m;KZ-1;186020;6;0;NULL;D0073
41136545;2019-5;1;39;m;KZ-1;186020;6;0;NULL;D0073
41136596;2019-5;1;NULL;m;KZ-1E;257010;6;0;NULL;D0073
41137045;2019-5;0;46;ž;KZ-1;259020;6;0;0.00;D0007
41137340;2019-5;1;NULL;m;KZ-1E;257010;6;0;55.00;D0073
41137341;2019-5;1;NULL;m;KZ-1E;143071;6;0;NULL;D0073
41137342;2019-5;1;NULL;m;KZ-1;259010;NULL;0;NULL;D0073
41137343;2019-5;1;NULL;m;KZ-1;202000;6;0;0.00;D0073
41137348;2019-5;1;NULL;m;KZ-1;259010;6;0;283.00;D0073
41137350;2019-5;1;NULL;ž;KZ-1E;257010;6;0;NULL;D0073
41137351;2019-5;1;NULL;m;KZ-1;257010;6;0;NULL;D0073
41137352;2019-5;1;NULL;ž;KZ-1;133021;NULL;0;NULL;D0073
41137355;2019-5;1;NULL;m;KZ-1;259010;6;0;NULL;D0073
41137899;2019-5;1;NULL;ž;KZ-1;133010;NULL;0;NULL;D0003
41137901;2019-5;1;NULL;m;KZ-1;259010;6;0;NULL;D0003
41137967;2018-9;1;34;m;KZ-1;259010;NULL;0;NULL;D0098
41137968;2019-5;6;38;m;KZ-1;259010;NULL;0;NULL;D0098
41138536;2019-5;0;NULL;m;KZ-1;192010;6;0;NULL;D0966
41138538;2019-5;0;NULL;m;KZ-1;307010;NULL;0;NULL;D0966
41138611;2019-4;1;28;m;KZ-1;296010;6;0;NULL;D0073
41138925;2018-12;0;34;m;KZ-1;143030;6;0;NULL;D0073
41139466;2017-12;1;41;m;KZ-1;122010;6;0;NULL;D0981
41141522;2019-5;0;43;m;KZ-1;209051;6;0;0.00;D0073
41141523;2019-5;0;49;m;KZ-1;209051;6;0;0.00;D0073
41141524;2019-5;0;41;m;KZ-1;209051;6;0;0.00;D0073
41141525;2019-5;0;41;m;KZ-1;209051;6;0;0.00;D0073
41141526;2019-5;0;NULL;ž;KZ-1;209051;6;0;0.00;D0073
41141528;2019-5;0;43;m;KZ-1E;257010;6;0;0.00;D0073
41141529;2019-5;0;49;m;KZ-1E;257010;6;0;0.00;D0073
41141530;2019-5;0;41;m;KZ-1E;257010;6;0;0.00;D0073
41141531;2019-5;0;41;m;KZ-1E;257010;6;0;0.00;D0073
41141532;2019-5;0;NULL;ž;KZ-1E;257010;6;0;0.00;D0073
41141556;2019-5;1;43;m;KZ-1;258000;6;0;NULL;D0073
41141854;2019-5;1;NULL;m;KZ-1E;257010;6;0;NULL;D0073
41141864;2018-11;1;35;m;KZ-1E;257010;6;0;NULL;D0073
41141871;2019-5;1;44;m;KZ-1;190010;6;0;NULL;D0008
41142122;2019-5;0;NULL;m;KZ-1E;257010;6;0;NULL;D0003
41142128;2019-5;0;NULL;m;KZ-1;257010;6;0;NULL;D0003
41142129;2019-5;0;NULL;;KZ-1;257010;6;0;0.00;D0003
41142130;2019-5;0;NULL;m;KZ-1;257010;6;0;0.00;D0003
41142132;2019-5;1;45;m;KZ-1;284030;6;0;0.00;D0073
41142252;2019-6;2;40;m;KZ-1;314053;NULL;0;NULL;D0082
41142253;2019-6;2;23;m;KZ-1;314053;NULL;0;NULL;D0082
41142703;2019-6;6;44;m;KZ-1;324010;NULL;0;NULL;D0003
41142704;2019-6;6;44;m;KZ-1;285010;NULL;0;NULL;D0003
41142706;2019-6;6;36;m;KZ-1;263020;NULL;0;NULL;D0003
41143446;2019-6;1;41;ž;KZ-1;257010;6;0;500.00;D0003
41143554;2019-5;1;NULL;;KZ-1;288010;6;0;110.00;D0073
41143571;2019-5;1;NULL;ž;KZ-1;215021;6;0;NULL;D0073
41143572;2019-5;1;NULL;m;KZ-1;215021;6;0;52.00;D0073
41143796;0000-00;NULL;66;ž;KZ-1;257010;6;0;NULL;D0003
41143902;2018-10;1;34;ž;KZ-1;259010;6;0;NULL;D1465
41144941;2019-6;1;NULL;;KZ-1;215032;6;0;NULL;D3151
41144942;2019-6;1;32;m;KZ-1;215032;NULL;0;NULL;D3151
41144943;2019-6;1;NULL;;KZ-1;215032;6;0;NULL;D3151
41144944;2019-6;1;NULL;;KZ-1;215032;6;0;NULL;D3151
41144946;2019-6;1;NULL;;KZ-1;216010;6;0;NULL;D3151
41144947;2019-6;1;32;m;KZ-1;216010;6;0;NULL;D3151
41144948;2019-6;1;NULL;;KZ-1;216010;6;0;NULL;D3151
41144949;2019-6;1;NULL;;KZ-1;216010;6;0;500.00;D3151
41145278;2019-6;6;33;m;KZ-1;283051;NULL;0;NULL;D0098
41145589;2019-4;1;33;m;KZ-1;266000;6;0;NULL;D0003
41145607;2019-6;1;50;m;KZ-1;258000;6;0;NULL;D0966
41145610;2019-6;1;NULL;m;KZ-1;266000;6;0;0.00;D0073
41146167;2019-6;1;30;m;KZ-1;266000;NULL;0;NULL;D0003
41146179;2019-6;1;36;m;KZ-1;266000;6;0;0.00;D0073
41146748;2019-6;1;NULL;m;KZ-1;266000;6;0;0.00;D0966
41146749;2019-6;1;49;m;KZ-1;266000;NULL;0;NULL;D0966
41147283;2019-6;1;30;m;KZ-1;261020;6;0;NULL;D0073
41148029;0000-00;NULL;29;m;KZ-1B;257021;6;0;NULL;D3151
41148267;2019-6;1;28;ž;KZ-1;258000;6;0;NULL;D0073
41148268;2019-6;1;33;m;KZ-1;258000;6;0;NULL;D0073
41148269;2019-6;1;43;m;KZ-1E;257010;6;0;80.00;D0073
41148490;2019-6;1;46;m;KZ-1;283052;6;0;0.00;D0073
41148491;2019-6;1;47;m;KZ-1;283052;NULL;0;NULL;D0073
41148492;2019-6;1;47;m;KZ-1;283052;6;0;0.00;D0073
41148937;2019-6;1;39;m;KZ-1E;257010;6;0;0.00;D0003
41151049;2018-10;1;41;ž;KZ-1;192010;NULL;0;NULL;D0073
41151051;2019-2;2;50;m;KZ-1;258000;6;0;NULL;D0073
41151052;2019-2;2;45;m;KZ-1;258000;6;0;NULL;D0073
41151063;2019-6;1;NULL;m;KZ-1;283051;6;0;NULL;D0073
41151064;2019-6;1;NULL;m;KZ-1;283051;6;0;118.98;D0073
41151065;2019-6;1;NULL;m;KZ-1;259010;6;0;NULL;D0003
41151066;2019-6;1;NULL;m;KZ-1;283051;6;0;NULL;D0003
41151494;2019-6;1;52;m;KZ-1;257010;6;0;NULL;D0003
41151495;2019-6;1;47;m;KZ-1;257010;6;0;NULL;D0003
41151496;2019-6;1;NULL;m;KZ-1;257010;6;0;60.00;D0003
41151503;2019-6;1;52;m;KZ-1;258000;6;0;NULL;D0003
41151504;2019-6;1;47;m;KZ-1;258000;6;0;NULL;D0003
41151505;2019-6;1;NULL;m;KZ-1;258000;6;0;NULL;D0003
41151533;2019-6;1;40;m;KZ-1;266000;6;0;0.00;D0073
41151994;2019-6;1;40;m;KZ-1;266000;NULL;0;NULL;D0073
41151999;2019-6;1;58;m;KZ-1;257010;NULL;0;NULL;D0966
41152000;2019-6;1;NULL;m;KZ-1;257010;NULL;0;NULL;D0966
41152341;2019-6;1;50;m;KZ-1;191031;6;0;NULL;D0073
41152386;2019-7;1;37;m;KZ-1;259010;6;0;NULL;D0073
41152432;2019-7;1;49;m;KZ-1E;257010;6;0;NULL;D0003
41153357;2019-7;1;52;m;KZ-1B;258000;6;0;100.00;D0073
41153463;2019-4;1;NULL;m;KZ-1;266000;6;0;NULL;D0073
41153472;2018-9;1;44;m;KZ-1;133021;6;0;NULL;D0073
41153475;2018-9;1;44;m;KZ-1;257010;6;0;1129.98;D0073
41153525;2019-7;0;NULL;m;KZ-1;257010;6;0;NULL;D0073
41153526;2019-7;0;35;m;KZ-1;257010;6;0;NULL;D0073
41153800;2019-7;1;43;m;KZ-1;266000;6;0;NULL;D0073
41153825;2019-7;1;36;ž;KZ-1;257010;6;0;NULL;D0073
41153826;2019-7;1;35;m;KZ-1;257010;6;0;NULL;D0073
41153827;2019-7;1;40;m;KZ-1;257010;6;0;NULL;D0073
41154361;2019-7;2;46;m;KZ-1;133010;6;0;500.00;D0098
41154362;2019-7;2;40;ž;KZ-1;133010;6;0;0.00;D0098
41154363;2019-7;2;46;m;KZ-1;258000;NULL;0;NULL;D0098
41154364;2019-7;2;40;ž;KZ-1;258000;NULL;0;NULL;D0098
41154505;2019-7;1;41;m;KZ-1;257010;6;0;992.36;D0073
41154506;2019-7;1;34;ž;KZ-1;257010;6;0;0.00;D0073
41154861;2019-7;1;49;m;KZ-1;266000;6;0;0.00;D0073
41154863;2019-7;0;45;m;KZ-1;204010;NULL;0;NULL;D0966
41154864;2019-7;0;45;m;KZ-1;340010;6;0;0.00;D0966
41155024;2018-12;1;42;m;KZ-1;133021;NULL;0;NULL;D0014
41155849;2018-12;1;NULL;;KZ-1E;257010;6;0;NULL;D0073
41155850;2018-12;1;NULL;;KZ-1;259010;NULL;0;NULL;D0073
41156619;2019-7;1;46;m;KZ-1;266000;6;0;NULL;D0073
41156648;2019-7;1;35;m;KZ-1;266000;6;0;150.00;D0966
41157481;2019-7;1;46;m;KZ-1E;257010;6;0;0.00;D0073
41157482;2019-7;1;39;m;KZ-1E;257010;6;0;0.00;D0073
41157483;2019-7;1;38;m;KZ-1E;257010;6;0;0.00;D0073
41157484;2019-7;1;50;ž;KZ-1E;257010;6;0;0.00;D0073
41157487;2019-7;1;38;ž;KZ-1E;257010;6;0;0.00;D0073
41157488;2019-7;1;50;ž;KZ-1E;257010;6;0;0.00;D0073
41157489;2019-7;1;55;m;KZ-1E;257010;NULL;0;NULL;D0073
41157490;2019-7;1;60;m;KZ-1E;257010;6;0;0.00;D0073
41157775;2019-7;1;51;m;KZ-1;191010;6;0;NULL;D0073
41158281;2019-7;1;39;m;KZ-1;220010;NULL;0;NULL;D0073
41158328;2019-7;0;50;m;KZ-1E;143072;6;0;NULL;D0966
41158738;2019-7;1;51;m;KZ-1E;257010;6;0;0.00;D0003
41158768;2019-7;1;37;m;KZ-1;136021;6;0;468.00;D0073
41158920;0000-00;NULL;43;m;KZ-1B;143063;6;0;3.01;D0003
41158921;0000-00;NULL;43;m;KZ-1B;143063;6;0;3.00;D0003
41158922;0000-00;NULL;43;m;KZ-1B;143063;6;0;3.00;D0003
41158923;0000-00;NULL;43;m;KZ-1B;143063;6;0;4.00;D0003
41158924;0000-00;NULL;43;m;KZ-1B;143063;6;0;2.99;D0003
41158925;0000-00;NULL;43;m;KZ-1B;143063;6;0;3.76;D0003
41158926;0000-00;NULL;43;m;KZ-1B;143063;6;0;41.02;D0003
41158927;0000-00;NULL;43;m;KZ-1B;143063;6;0;43.01;D0003
41158928;0000-00;NULL;43;m;KZ-1B;143063;6;0;65.00;D0003
41158929;0000-00;NULL;43;m;KZ-1B;143063;6;0;73.80;D0003
41158930;0000-00;NULL;43;m;KZ-1B;143063;6;0;40.00;D0003
41159179;2019-5;0;41;m;KZ-1;284030;6;0;0.00;D0073
41159896;2019-7;1;NULL;m;KZ-1;258000;6;0;120.00;D0073
41159897;2019-7;1;NULL;m;KZ-1;261010;6;0;0.00;D0073
41159898;2019-7;1;NULL;m;KZ-1;257010;6;0;NULL;D0073
41160060;2019-5;1;NULL;ž;KZ-1;216010;6;0;0.00;D0073
41160061;2019-5;1;NULL;m;KZ-1;216010;6;0;NULL;D0073
41160368;2019-7;1;32;m;KZ-1;266000;6;0;NULL;D0008
41160833;2019-7;1;36;m;KZ-1;141010;6;0;0.00;D0073
41160834;2019-7;1;38;ž;KZ-1;141010;6;0;NULL;D0073
41161541;0000-00;NULL;40;ž;KZ-1;190010;6;0;0.00;D0966
41163385;0000-00;NULL;33;m;KZ-1;220010;6;0;NULL;D0003
41164396;2019-6;2;24;m;KZ-1;307010;1;0;0.00;D0073
41164565;2019-8;0;38;ž;KZ-1;192010;1;0;366.59;D0073
41166282;2019-8;1;40;ž;KZ-1B;258000;6;0;NULL;D0073
41166577;2019-8;1;46;m;KZ-1;266000;6;0;NULL;D0966
41166578;2019-8;1;NULL;m;KZ-1;266000;6;0;NULL;D0966
41166639;2019-8;1;43;m;KZ-1;191010;6;0;100.00;D0073
41166654;2019-8;1;NULL;m;KZ-1;133021;6;0;NULL;D3151
41166677;2019-8;1;49;m;KZ-1;257010;6;0;NULL;D0073
41166692;2019-8;1;NULL;m;KZ-1;141031;NULL;0;NULL;D0966
41166693;2019-8;1;NULL;ž;KZ-1;141031;6;0;NULL;D0966
41166694;2019-8;1;NULL;m;KZ-1;141031;NULL;0;NULL;D0966
41166695;2019-8;1;NULL;ž;KZ-1;141031;6;0;0.00;D0966
41167148;2019-8;1;NULL;ž;KZ-1;133021;NULL;0;NULL;D0073
41167550;2019-8;1;28;m;KZ-1;191010;6;0;NULL;D0073
41167551;2019-8;0;59;m;KZ-1;314031;6;0;NULL;D0073
41167552;2019-8;1;47;m;KZ-1;141031;6;0;NULL;D0966
41167553;2019-8;1;NULL;m;KZ-1;141031;6;0;NULL;D0966
41167554;2019-8;1;47;m;KZ-1E;257010;6;0;NULL;D0966
41167555;2019-8;1;NULL;m;KZ-1E;257010;6;0;NULL;D0966
41167968;2019-8;0;44;m;KZ-1B;217021;6;0;NULL;D0073
41167973;2019-8;1;NULL;m;KZ-1;257010;6;0;NULL;D0073
41168562;2019-8;1;43;m;KZ-1;258000;6;0;NULL;D0073
41168563;2019-8;1;36;ž;KZ-1;258000;6;0;650.00;D0073
41169301;2019-7;1;38;;KZ-1E;257010;6;0;56.00;D0073
41169302;2019-7;1;38;m;KZ-1E;257010;6;0;0.00;D0073
41169303;2019-7;1;NULL;ž;KZ-1E;257010;6;0;0.00;D0073
41169321;2019-8;1;45;m;KZ-1;209051;6;0;NULL;D0073
41169322;2019-8;1;55;m;KZ-1;209051;6;0;NULL;D0073
41169333;2019-8;1;NULL;m;KZ-1E;257010;6;0;0.00;D0073
41169334;2019-8;1;NULL;ž;KZ-1E;257010;6;0;0.00;D0073
41169335;2019-8;1;NULL;m;KZ-1E;257010;6;0;NULL;D0073
41169479;2019-5;1;NULL;m;KZ-1;263020;NULL;0;NULL;D0003
41169501;2019-3;1;42;m;KZ-1;257010;6;0;NULL;D0098
41169812;2019-9;1;39;m;KZ-1E;257010;NULL;0;NULL;D0073
41169813;2019-9;1;39;m;KZ-1E;257010;6;0;NULL;D0073
41170258;2019-7;1;64;m;KZ-1;284010;NULL;0;NULL;D0003
41170259;2019-7;1;55;ž;KZ-1;284010;1;0;0.00;D0003
41170260;2019-7;1;40;m;KZ-1;284010;NULL;0;NULL;D0003
41170770;2019-9;0;41;m;KZ-1;260010;6;0;NULL;D1293
41171134;2019-9;0;43;m;KZ-1;259010;6;0;NULL;D0966
41171138;2019-8;1;50;m;KZ-1;135010;NULL;0;NULL;D0073
41173022;2019-9;1;NULL;m;KZ-1;257010;NULL;0;NULL;D0008
41173023;2019-9;1;NULL;m;KZ-1;257010;6;0;0.00;D0008
41173024;2019-9;1;NULL;m;KZ-1;211031;6;0;0.00;D0073
41173025;2019-9;1;NULL;ž;KZ-1;211031;NULL;0;NULL;D0073
41173027;2018-12;1;NULL;m;KZ-1E;257010;6;0;0.00;D0073
41173028;2018-12;1;NULL;m;KZ-1E;257010;NULL;0;NULL;D0073
41173029;2018-12;1;NULL;m;KZ-1E;257010;NULL;0;NULL;D0073
41173030;2018-12;1;NULL;m;KZ-1E;257010;NULL;0;NULL;D0073
41173031;2018-12;1;28;m;KZ-1;258000;NULL;0;NULL;D0073
41173032;2018-12;1;NULL;m;KZ-1;258000;6;0;NULL;D0073
41173033;2018-12;1;NULL;m;KZ-1;258000;NULL;0;NULL;D0073
41173034;2018-12;1;NULL;m;KZ-1;258000;6;0;NULL;D0073
41173035;2018-12;1;NULL;m;KZ-1;258000;6;0;0.00;D0073
41173388;2019-5;1;47;m;KZ-1;135010;6;0;0.00;D0073
41173644;2019-9;1;NULL;ž;KZ-1E;257010;6;0;NULL;D0966
41173750;2019-9;1;37;m;KZ-1;144021;6;0;NULL;D0073
41173779;2019-9;1;36;m;KZ-1;266000;6;0;0.00;D0008
41173804;2018-7;1;NULL;m;KZ-1;133021;6;0;NULL;D0981
41173806;2018-7;1;NULL;m;KZ-1;259010;6;0;NULL;D0981
41173810;2018-7;1;NULL;m;KZ-1;284030;6;0;NULL;D0981
41176198;2019-9;1;37;m;KZ-1;284030;6;0;200.00;D0003
41176204;2019-9;1;34;m;KZ-1E;257010;6;0;1000.00;D0966
41176509;2019-9;1;45;m;KZ-1;197010;NULL;0;NULL;D0966
41178670;2019-9;1;46;m;KZ-1B;266000;6;0;0.00;D0966
41179097;2019-9;2;41;m;KZ-1;186010;6;0;0.00;D0981
41179098;2019-9;2;67;m;KZ-1;186010;6;0;0.00;D0981
41179428;2019-9;1;39;m;KZ-1;136021;NULL;0;NULL;D0966
41179429;2019-9;1;47;ž;KZ-1;136021;NULL;0;NULL;D0966
41179441;2019-9;0;47;m;KZ-1;211010;6;0;NULL;D0966
41180482;2019-10;1;51;m;KZ-1;209051;6;0;500.00;D0966
41180483;2019-10;1;53;ž;KZ-1;209051;6;0;NULL;D0966
41180546;2019-10;1;49;m;KZ-1;220010;6;0;NULL;D0966
41180648;2019-10;0;28;m;KZ-1;257010;6;0;NULL;D0966
41180649;2019-10;0;30;m;KZ-1;257010;6;0;0.00;D0966
41180650;2019-10;0;18;m;KZ-1;257010;6;0;0.00;D0966
41180651;2019-10;0;38;m;KZ-1;257010;6;0;0.00;D0966
41180652;2019-10;0;28;m;KZ-1;186010;6;0;400.00;D0966
41180653;2019-10;0;30;m;KZ-1;186010;6;0;0.00;D0966
41180654;2019-10;0;18;m;KZ-1;186010;6;0;400.00;D0966
41180655;2019-10;0;38;m;KZ-1;186010;6;0;500.00;D0966
41180656;2019-10;0;28;m;KZ-1;205011;6;0;NULL;D0966
41180657;2019-10;0;30;m;KZ-1;205011;6;0;267.50;D0966
41180658;2019-10;0;18;m;KZ-1;205011;6;0;200.00;D0966
41180659;2019-10;0;38;m;KZ-1;205011;6;0;NULL;D0966
41180677;2019-10;1;30;m;KZ-1;266000;6;0;NULL;D0073
41180678;2019-10;1;31;m;KZ-1;266000;6;0;NULL;D0073
41180739;2019-9;1;35;m;KZ-1;211051;6;0;NULL;D0073
41180982;2019-10;2;NULL;ž;KZ-1;186010;6;0;NULL;D0981
41181271;2019-10;1;25;m;KZ-1B;220010;6;0;400.00;D0966
41181605;2019-10;1;31;m;KZ-1;141031;6;0;0.00;D0008
41181606;2019-10;1;35;ž;KZ-1;141031;6;0;0.00;D0008
41182016;2019-10;1;NULL;m;KZ-1;197010;6;0;0.00;D5092
41182207;2019-3;0;48;m;KZ-1;257010;NULL;0;NULL;D0073
41182459;2019-9;1;37;m;KZ-1;283051;6;0;NULL;D0073
41182460;2019-9;1;37;m;KZ-1E;143072;6;0;450.00;D0073
41182467;2019-10;1;33;ž;KZ-1;266000;6;0;NULL;D0003
41182891;2019-10;2;39;m;KZ-1C;261010;3;0;0.00;D0966
41182892;2019-10;2;NULL;m;KZ-1C;262010;6;0;NULL;D0966
41183030;2019-10;1;40;m;KZ-1;144021;6;0;200.00;D0008
41183031;2019-10;1;38;m;KZ-1;144021;6;0;140.00;D0008
41183121;2019-9;6;NULL;m;KZ-1;284030;NULL;0;NULL;D0966
41184226;0000-00;NULL;43;m;KZ-1B;191010;6;0;NULL;D0966
41184781;2019-10;1;33;ž;KZ-1;258000;6;0;NULL;D0003
41184887;2019-10;1;41;m;KZ-1;257030;6;0;NULL;D0073
41185742;2019-10;7;NULL;m;KZ-1;257010;6;0;NULL;D0008
41185817;2019-10;1;24;m;KZ-1B;122021;6;0;NULL;D0966
41185818;2019-10;1;24;m;KZ-1B;135010;6;0;0.00;D0966
41186107;2019-3;0;30;m;KZ-1;259010;6;0;1000.00;D0098
41186437;2019-10;1;NULL;;KZ-1;266000;6;0;NULL;D0966
41187992;2019-10;1;43;ž;KZ-1;235010;6;0;0.00;D0966
41187993;2019-10;1;45;m;KZ-1;235010;NULL;0;NULL;D0966
41187994;2019-10;1;NULL;;KZ-1;235010;NULL;0;NULL;D0966
41187995;2019-10;1;43;ž;KZ-1;253020;NULL;0;NULL;D0966
41188490;2019-10;1;35;m;KZ-1;266000;6;0;0.00;D0073
41188997;2019-10;1;49;m;KZ-1E;257030;6;0;NULL;D0073
41189008;2019-10;1;46;m;KZ-1;257010;6;0;6137.98;D0966
41189009;2019-10;1;NULL;ž;KZ-1;257010;6;0;NULL;D0966
41189015;2019-10;1;46;m;KZ-1E;257010;6;0;NULL;D0966
41189016;2019-10;1;52;ž;KZ-1E;257010;6;0;NULL;D0966
41189017;2019-10;1;41;m;KZ-1E;257010;6;0;0.00;D0966
41189018;2019-10;1;37;ž;KZ-1E;257010;6;0;0.00;D0966
41189052;2019-10;1;NULL;ž;KZ-1;266000;6;0;NULL;D0966
41189352;2019-10;1;38;m;KZ-1B;258000;6;0;NULL;D3151
41189904;2019-2;0;27;ž;KZ-1;259010;NULL;0;NULL;D0073
41189905;2019-2;0;37;m;KZ-1;259010;6;0;NULL;D0073
41189906;2019-2;0;39;m;KZ-1;259010;6;0;NULL;D0073
41189907;2019-2;0;46;m;KZ-1;259010;6;0;NULL;D0073
41190813;2019-10;1;NULL;m;KZ-1;266000;6;0;NULL;D0966
41191726;0000-00;NULL;41;m;KZ-1;135010;6;0;0.00;D0003
41192001;2019-10;7;38;m;KZ-1C;263020;6;0;NULL;D0966
41192231;2019-7;1;42;ž;KZ-1;191010;NULL;0;NULL;D0073
41192232;2019-9;1;52;m;KZ-1;135010;6;0;NULL;D0073
41193487;2019-11;1;47;m;KZ-1;208010;NULL;0;NULL;D0966
41193502;2017-12;1;41;m;KZ-1;122010;NULL;0;NULL;D0098
41193816;2019-11;1;57;m;KZ-1;257010;NULL;0;NULL;D0966
41194431;2016-12;2;37;m;KZ-1;267010;6;0;0.00;D1465
41194432;2016-12;2;37;m;KZ-1;267010;6;0;0.00;D1465
41194546;2019-6;1;53;m;KZ-1E;257030;6;0;0.00;D0073
41195254;2019-11;0;38;m;KZ-1;257010;6;0;NULL;D0966
41195262;2019-11;1;47;m;KZ-1;259010;NULL;0;NULL;D0966
41195272;2019-11;1;38;m;KZ-1;204021;6;0;NULL;D0073
41195329;2019-11;1;NULL;m;KZ-1;258000;6;0;NULL;D0966
41195330;2019-11;1;NULL;m;KZ-1;258000;6;0;NULL;D0966
41195675;2019-11;1;31;m;KZ-1;296021;6;0;NULL;D0966
41195676;2019-11;1;31;m;KZ-1;296021;6;0;0.00;D0966
41199139;2018-8;1;32;m;KZ-1;211010;6;0;NULL;D1279
41199535;2019-11;0;46;m;KZ-1E;257010;6;0;0.00;D0966
41199536;2019-11;0;54;m;KZ-1E;257010;6;0;0.00;D0966
41199583;2019-11;0;36;m;KZ-1;257030;6;0;NULL;D0966
41199584;2019-11;0;36;m;KZ-1;209010;6;0;84.90;D0966
41199585;2019-11;0;36;m;KZ-1B;257121;6;0;84.90;D0966
41199586;2019-11;0;31;m;KZ-1;258000;6;0;84.90;D0966
41199588;2019-11;0;31;m;KZ-1;281020;1;0;NULL;D0966
41200099;2019-6;0;NULL;;KZ-1;314053;NULL;0;NULL;D0082
41200116;2019-8;1;NULL;m;KZ-1;258000;6;0;NULL;D0073
41200130;2019-8;1;39;m;KZ-1;122021;6;0;NULL;D0073
41200131;2019-8;1;39;m;KZ-1;130000;6;0;96.57;D0073
41200555;2019-8;1;59;m;KZ-1;135010;6;0;NULL;D0073
41200900;2019-12;1;45;m;KZ-1C;135010;6;0;NULL;D0966
41202127;2018-10;1;41;m;KZ-1;266000;6;0;NULL;D0073
41202128;2018-10;1;31;m;KZ-1;266000;6;0;NULL;D0073
41202129;2018-10;1;42;m;KZ-1;266000;6;0;NULL;D0073
41202166;2019-10;1;32;m;KZ-1;266000;NULL;0;NULL;D0073
41202167;2019-10;1;NULL;m;KZ-1;266000;6;0;NULL;D0073
41202627;2019-10;2;25;ž;KZ-1E;143072;6;0;150.00;D0082
41202628;2019-10;2;26;ž;KZ-1E;143072;6;0;NULL;D0082
41202629;2019-10;2;29;ž;KZ-1E;143072;6;0;NULL;D0082
41202630;2019-10;2;28;ž;KZ-1E;143072;6;0;6000.00;D0082
41202631;2019-10;2;28;ž;KZ-1E;143072;NULL;0;NULL;D0082
41202632;2019-10;2;30;ž;KZ-1E;143072;6;0;NULL;D0082
41202633;2019-10;2;30;ž;KZ-1E;143072;6;0;20.00;D0082
41202770;2019-12;0;53;ž;KZ-1E;257010;6;0;NULL;D0966
41202776;2019-12;1;52;m;KZ-1E;257010;6;0;NULL;D5092
41202777;2019-12;1;52;m;KZ-1;258000;NULL;0;NULL;D5092
41203147;2019-12;0;NULL;ž;KZ-1E;257010;NULL;0;NULL;D0966
41203389;2019-11;1;45;m;KZ-1;283051;6;0;NULL;D5092
41204008;2019-9;0;60;m;KZ-1;257010;6;0;NULL;D0966
41204051;2019-12;0;47;m;KZ-1;261010;6;0;NULL;D0966
41204053;2019-12;0;48;m;KZ-1E;143072;6;0;300.00;D0966
41204064;2019-12;1;NULL;m;KZ-1;257010;6;0;NULL;D0966
41204065;2019-12;1;NULL;m;KZ-1;257010;6;0;NULL;D0966
41204279;2019-12;1;39;m;KZ-1;258000;NULL;0;NULL;D0966
41204280;2019-12;1;26;m;KZ-1;258000;NULL;0;NULL;D0966
41204326;2019-4;1;NULL;m;KZ-1;122010;NULL;0;NULL;D0073
41205550;2019-12;1;40;m;KZ-1;141031;6;0;0.00;D0966
41206005;2018-4;1;NULL;m;KZ-1;257030;6;0;NULL;D0008
41206737;2019-12;1;46;m;KZ-1;122010;NULL;0;NULL;D0966
41206738;2019-12;1;21;m;KZ-1;122010;5;0;NULL;D0966
41206739;2019-12;1;39;m;KZ-1;122010;NULL;0;NULL;D0966
41206832;2019-12;1;44;m;KZ-1;208010;NULL;0;NULL;D0073
41206833;2019-12;1;40;m;KZ-1;208010;NULL;0;NULL;D0073
41206834;2019-12;1;38;m;KZ-1;208010;NULL;0;NULL;D0073
41207004;2019-12;1;35;ž;KZ-1;197010;6;0;400.00;D0966
41207013;2019-12;0;47;m;KZ-1;314020;6;0;NULL;D0966
41207042;0000-00;NULL;46;m;KZ-1;190010;NULL;0;NULL;D0007
41207050;2019-12;1;28;m;KZ-1;220010;6;0;NULL;D0966
41207787;2019-12;1;48;m;KZ-1;135020;6;0;NULL;D0008
41207812;2019-12;1;48;m;KZ-1;257010;NULL;0;NULL;D0966
41207813;2019-12;1;49;m;KZ-1;197010;6;0;NULL;D0966
41208012;2019-12;1;34;m;KZ-1;257010;6;0;NULL;D0966
41208042;2019-12;1;32;m;KZ-1;266000;6;0;NULL;D0966
41208197;2019-12;6;43;m;KZ-1;118000;6;0;0.00;D0966
41208198;2019-12;6;36;ž;KZ-1;118000;3;0;NULL;D0966
41208199;2019-12;6;38;m;KZ-1;118000;1;0;NULL;D0966
41208200;2019-12;6;34;m;KZ-1;118000;1;0;NULL;D0966
41208201;2019-12;6;23;ž;KZ-1;118000;1;0;NULL;D0966
41208202;2019-12;6;32;m;KZ-1;118000;NULL;0;NULL;D0966
41208539;2019-12;0;43;m;KZ-1;197010;NULL;0;NULL;D0966
41209331;2019-12;1;NULL;m;KZ-1;141031;6;0;NULL;D0966
41210019;2019-12;2;39;m;KZ-1E;257010;6;0;2600.00;D0966
41210020;2019-12;2;NULL;m;KZ-1E;257010;6;0;71.91;D0966
41210383;0000-00;NULL;50;m;KZ-1;221010;6;0;60.64;D3151
41213412;2019-4;1;43;m;KZ-1;211051;6;0;NULL;D0008
41214033;2019-2;0;44;m;KZ-1E;143072;6;0;0.00;D0008
41215384;2019-10;1;40;m;KZ-1;266000;6;0;NULL;D0008
41215385;2019-10;1;38;m;KZ-1;266000;6;0;NULL;D0008
41216806;2019-1;1;31;m;KZ-1;266000;6;0;NULL;D0008
41217376;0000-00;NULL;41;m;KZ-1;229021;6;0;NULL;D0007
41217377;0000-00;NULL;23;m;KZ-1;229021;1;0;NULL;D0007
41220005;2019-10;1;31;m;KZ-1;257010;6;0;0.00;D0008
41220006;2019-10;1;35;ž;KZ-1;257010;6;0;0.00;D0008
41221661;2019-3;7;34;ž;KZ-1;159010;6;0;NULL;D0008
41221662;2019-3;7;46;m;KZ-1;197010;NULL;0;NULL;D0008
41221663;2019-3;7;46;m;KZ-1;197010;6;0;179.99;D0008
10296035;2013-3;1;33;m;KZ-1;205013;NULL;0;NULL;D5306
10296036;2013-3;1;34;ž;KZ-1;205031;NULL;0;NULL;D5306
10296367;2012-11;0;36;m;KZ-1;197021;6;0;0.00;D1465
10296415;2012-11;0;35;m;KZ-1;211010;NULL;0;0.00;D0003
10296469;2013-1;0;40;ž;KZ-1;209010;NULL;0;NULL;D0003
10296490;2013-2;1;31;m;KZ-1;266000;NULL;0;NULL;D0003
10296542;2012-5;1;45;m;KZ-1;122010;NULL;0;0.00;D1469
10296632;2012-8;0;29;;KZ-1;143052;NULL;0;0.00;D0003
10296633;2012-8;0;30;;KZ-1;143052;NULL;0;NULL;D0003
10296645;2012-9;0;39;m;KZ-1;257030;NULL;0;NULL;D0981
10296703;2012-1;1;38;m;KZ-1;122010;NULL;0;0.00;D1469
10296704;2012-1;1;33;m;KZ-1;122010;NULL;0;0.00;D1469
10296706;2012-1;1;25;;KZ-1;135010;NULL;0;0.00;D1469
10296707;2012-1;1;34;m;KZ-1;122010;NULL;0;0.00;D1469
10296708;2012-1;1;33;m;KZ-1;122010;NULL;0;0.00;D1469
10296821;2012-4;7;40;m;KZ-1;173030;NULL;0;0.00;D0003
10296834;2012-5;1;39;m;KZ-1;123031;NULL;0;0.00;D0003
10296852;2012-5;0;32;m;KZ-1;141031;NULL;0;0.00;D1465
10296941;2011-10;0;28;m;KZ;261030;NULL;0;NULL;D0981
10296942;2011-10;0;28;m;KZ;265010;NULL;0;NULL;D0981
10296943;2011-10;0;28;m;KZ;265010;NULL;0;NULL;D0981
10296945;2011-10;0;28;m;KZ;261030;NULL;0;NULL;D0981
10296946;2011-10;0;28;m;KZ;265010;NULL;0;NULL;D0981
10296947;2011-10;0;28;m;KZ;261030;NULL;0;NULL;D0981
10296948;2011-10;0;28;m;KZ-1;257030;NULL;0;NULL;D0981
10296949;2011-10;0;29;m;KZ-1;259010;NULL;0;NULL;D0981
10296950;2011-10;0;50;m;KZ-1;257030;NULL;0;NULL;D0981
10296951;2011-10;0;50;m;KZ-1;259010;NULL;0;NULL;D0981
10296952;2011-10;0;50;m;KZ-1;259010;NULL;0;NULL;D0981
10296953;2011-10;0;50;m;KZ-1;257030;NULL;0;NULL;D0981
10296954;2011-10;0;50;m;KZ-1;257030;NULL;0;NULL;D0981
10296956;2011-10;0;50;m;KZ;261030;NULL;0;NULL;D0981
10296957;2011-10;0;50;m;KZ;265010;NULL;0;NULL;D0981
10296958;2011-10;0;50;m;KZ-1;259010;NULL;0;NULL;D0981
10296966;2011-10;0;49;m;KZ;261030;NULL;0;0.00;D0981
10296968;2011-10;0;34;ž;KZ-1;257030;NULL;0;0.00;D0981
10296969;2011-10;0;34;ž;KZ-1;259010;NULL;0;NULL;D0981
10296970;2011-10;0;33;ž;KZ-1;257030;NULL;0;0.00;D0981
10296971;2011-10;0;35;ž;KZ-1;259010;NULL;0;0.00;D0981
10296972;2011-10;0;34;ž;KZ-1;257030;NULL;0;NULL;D0981
10296973;2011-10;0;34;ž;KZ-1;259010;NULL;0;NULL;D0981
10296974;2011-10;0;34;ž;KZ-1;257030;NULL;0;NULL;D0981
10296975;2011-10;0;34;ž;KZ-1;259010;NULL;0;NULL;D0981
10296976;2011-10;0;34;ž;KZ-1;257030;NULL;0;NULL;D0981
10296977;2011-10;0;34;ž;KZ-1;259010;NULL;0;NULL;D0981
10296978;2011-10;0;34;ž;KZ-1;257030;NULL;0;NULL;D0981
10296979;2011-10;0;34;ž;KZ-1;259010;NULL;0;NULL;D0981
10296980;2011-10;0;34;ž;KZ-1;257030;NULL;0;NULL;D0981
10296981;2011-10;0;34;ž;KZ-1;259010;NULL;0;NULL;D0981
10296982;2011-10;0;34;ž;KZ-1;257030;NULL;0;0.00;D0981
10296983;2011-10;0;34;ž;KZ-1;259010;NULL;0;NULL;D0981
10296984;2011-10;0;34;ž;KZ-1;257030;NULL;0;0.00;D0981
10296985;2011-10;0;34;ž;KZ-1;259010;NULL;0;NULL;D0981
10296986;2011-10;0;33;ž;KZ-1;257030;NULL;0;0.00;D0981
10296987;2011-10;0;33;ž;KZ-1;259010;NULL;0;NULL;D0981
10296988;2011-10;0;34;;KZ-1;257030;NULL;0;0.00;D0981
10296989;2011-10;0;34;;KZ-1;259010;NULL;0;NULL;D0981
10297206;2011-7;1;42;m;KZ-1;296021;NULL;0;NULL;D0003
10297207;2011-7;1;29;m;KZ-1;266000;6;0;0.00;D0003
10297308;2011-9;7;27;m;KZ-1;192020;NULL;0;0.00;D1469
10297309;2011-9;7;29;ž;KZ-1;192020;NULL;0;0.00;D1469
10297388;2011-2;1;30;m;KZ-1;266000;NULL;0;NULL;D1469
10297462;2011-3;1;43;m;KZ-1;266000;NULL;0;0.00;D0003
10297463;2011-3;1;37;m;KZ-1;266000;NULL;0;0.00;D0003
10297464;2011-3;1;23;m;KZ-1;266000;NULL;0;0.00;D0003
10297465;2011-3;1;35;m;KZ-1;266000;NULL;0;NULL;D0003
10297466;2011-3;1;31;m;KZ-1;266000;NULL;0;NULL;D0003
10298066;2009-10;1;37;m;KZ-1;266000;NULL;0;0.00;D0003
40467920;0000-00;NULL;29;m;KZ-1;267010;6;0;0.00;D0003
40486670;2013-11;1;43;m;KZ-1;283010;6;0;0.00;D0003
40488415;2013-12;1;NULL;;KZ-1;257010;NULL;0;NULL;D0003
40488416;2013-12;1;NULL;m;KZ-1;257010;NULL;0;NULL;D0003
40539183;2014-4;1;49;m;KZ-1;197010;6;0;0.00;D0981
40573316;2012-5;0;29;;KZ-1;143052;6;0;611.13;D0003
40573320;2012-5;0;30;;KZ-1;143052;6;0;611.03;D0003
40573322;2012-5;0;29;;KZ-1;143052;6;0;0.00;D0003
40573323;2012-5;0;29;;KZ-1;143052;6;0;110.00;D0003
40573324;2012-5;0;29;;KZ-1;143052;6;0;904.29;D0003
40573325;2012-5;0;29;;KZ-1;143052;6;0;385.21;D0003
40573326;2012-5;0;29;;KZ-1;143052;6;0;0.00;D0003
40573327;2012-5;0;29;;KZ-1;143052;6;0;0.00;D0003
40573330;2012-5;0;29;;KZ-1;143052;6;0;1102.66;D0003
40573396;2012-5;0;29;;KZ-1;143052;6;0;485.00;D0003
40573400;2012-5;0;29;;KZ-1;143052;6;0;0.00;D0003
40573401;2012-5;0;29;;KZ-1;143052;6;0;0.00;D0003
40573402;2012-5;0;29;;KZ-1;143052;6;0;0.00;D0003
40573403;2012-5;0;30;;KZ-1;143052;6;0;0.00;D0003
40573405;2012-5;0;30;;KZ-1;143052;6;0;796.69;D0003
40573407;2012-5;0;30;;KZ-1;143052;6;0;0.00;D0003
40573409;2012-5;0;30;;KZ-1;143052;6;0;0.00;D0003
40573410;2012-5;0;30;;KZ-1;143052;6;0;0.00;D0003
40573411;2012-5;0;30;;KZ-1;143052;6;0;0.00;D0003
40573412;2012-5;0;30;;KZ-1;143052;6;0;0.00;D0003
40573415;2012-5;0;30;;KZ-1;143052;6;0;0.00;D0003
40573416;2012-5;0;30;;KZ-1;143052;6;0;0.00;D0003
40573417;2012-5;0;30;;KZ-1;143052;6;0;679.00;D0003
40573420;2012-5;0;30;;KZ-1;143052;6;0;3266.35;D0003
40573421;2012-5;0;30;;KZ-1;143052;6;0;0.00;D0003
40573422;2012-5;0;30;;KZ-1;143052;6;0;0.00;D0003
40573423;2012-5;0;30;;KZ-1;143052;6;0;0.00;D0003
40573424;2012-5;0;30;;KZ-1;143052;NULL;0;NULL;D0003
40573425;2012-5;0;30;;KZ-1;143052;6;0;939.83;D0003
40583522;2014-8;1;36;ž;KZ-1;197010;6;0;0.00;D1177
40584198;2013-5;1;45;m;KZ-1;122010;6;0;0.00;D1469
40584391;2012-7;1;29;m;KZ-1;296021;6;0;64.90;D0003
40587274;2013-12;1;37;m;KZ-1B;135021;6;0;0.00;D0003
40587457;2014-9;1;NULL;m;KZ-1;197021;6;0;0.00;D0003
40603223;2014-11;2;42;m;KZ-1B;308050;6;0;150.00;D0003
40603225;2014-11;2;42;m;KZ-1;143063;6;0;50.00;D0003
40603226;2014-11;2;36;ž;KZ-1B;308050;6;0;0.00;D0003
40603229;2014-11;2;37;ž;KZ-1B;253010;6;0;0.00;D0003
40607728;2014-11;2;28;m;KZ-1;257030;6;0;0.00;D1175
40607729;2014-11;2;23;m;KZ-1;257030;NULL;0;NULL;D1175
40607730;2014-11;2;26;m;KZ-1;257030;NULL;0;NULL;D0981
40607731;2014-11;2;32;m;KZ-1;257030;6;0;0.00;D0981
40607732;2014-11;2;37;m;KZ-1;257030;NULL;0;NULL;D0981
40607733;2014-11;2;28;m;KZ;211010;NULL;0;NULL;D0981
40607734;2014-11;2;23;m;KZ;211010;6;0;0.00;D0981
40607735;2014-11;2;26;m;KZ;211010;NULL;0;NULL;D0981
40607736;2014-11;2;32;m;KZ;211010;NULL;0;NULL;D0981
40607737;2014-11;2;37;m;KZ;211010;NULL;0;NULL;D0981
40607738;2014-11;2;29;m;KZ-1;257030;NULL;0;NULL;D1175
40607739;2014-11;2;24;m;KZ-1;257030;NULL;0;NULL;D1175
40607740;2014-11;2;26;m;KZ-1;186010;NULL;0;NULL;D0981
40607741;2014-11;2;32;m;KZ-1;186010;6;0;0.00;D0981
40607742;2014-11;2;37;m;KZ-1;186010;6;0;0.00;D0981
40607744;2014-11;2;28;m;KZ-1;307010;NULL;0;NULL;D1175
40607746;2014-11;2;26;m;KZ-1;307010;NULL;0;NULL;D0981
40607747;2014-11;2;32;m;KZ-1;307010;6;0;0.00;D0981
40607748;2014-11;2;37;m;KZ-1;307010;NULL;0;NULL;D0981
40607749;2014-11;2;28;m;KZ-1;209031;6;0;0.00;D0981
40607751;2014-11;2;26;m;KZ-1;209010;6;0;0.00;D0981
40607752;2014-11;2;32;m;KZ-1;209010;NULL;0;NULL;D0981
40607753;2014-11;2;37;m;KZ-1;209010;5;0;70000.00;D0981
40609044;2014-11;2;47;m;KZ-1;211021;NULL;0;NULL;D0003
40609048;2014-11;2;47;m;KZ-1;283040;NULL;0;NULL;D0003
40609884;2014-11;7;49;m;KZ-1;251010;6;0;0.00;D0003
40625307;2014-12;1;27;m;KZ-1;122010;NULL;0;NULL;D0981
40625308;2014-12;1;44;m;KZ-1;122010;NULL;0;NULL;D0981
40629410;2015-1;1;NULL;m;KZ-1;220010;6;0;0.00;D0981
40629412;2015-1;1;NULL;m;KZ-1;122010;6;0;0.00;D0981
40633794;0000-00;NULL;42;m;KZ-1;284010;6;0;0.00;D0003
40637951;2014-11;2;42;m;KZ-1B;308050;6;0;0.00;D0003
40645604;2015-2;2;22;m;KZ-1;211031;6;0;0.00;D0003
40645610;2015-2;2;36;ž;KZ-1;284010;6;0;0.00;D0003
40645614;2015-2;2;30;m;KZ-1;139051;6;0;0.00;D0003
40645615;2015-2;2;30;m;KZ-1;209021;6;0;0.00;D0003
40645619;2015-2;2;37;m;KZ-1;211010;6;0;3539.68;D0003
40645625;2015-2;2;32;m;KZ-1;211010;NULL;0;NULL;D0003
40645626;2015-2;2;44;m;KZ-1;251010;NULL;0;NULL;D0003
40645629;2015-2;2;34;m;KZ-1B;143062;NULL;0;NULL;D0003
40645630;2015-2;2;34;m;KZ-1;211031;NULL;0;NULL;D0003
40645631;2015-2;2;44;m;KZ-1;284010;NULL;0;NULL;D0003
40661369;2015-4;2;40;m;KZ-1;211010;6;0;0.00;D1469
40662809;2013-1;1;38;m;KZ-1;196010;NULL;0;NULL;D1465
40662816;2013-1;1;38;m;KZ-1;197010;6;0;0.00;D1465
40663970;2015-4;2;36;m;KZ-1;186010;NULL;0;NULL;D0003
40663971;2015-4;2;32;m;KZ-1;186010;NULL;0;NULL;D0003
40663974;2015-4;2;36;m;KZ-1;257030;NULL;0;NULL;D0003
40676766;2015-5;2;40;m;KZ-1;183031;6;0;0.00;D1465
40676767;2015-5;2;45;m;KZ-1;183031;6;0;0.00;D1465
40676768;2015-5;2;37;m;KZ-1;183010;6;0;0.00;D1465
40676771;2015-5;2;35;m;KZ-1;183031;6;0;0.00;D1465
40676775;2015-5;2;48;m;KZ-1;183010;6;0;0.00;D1465
40676777;2015-5;2;35;m;KZ-1;183031;6;0;400.00;D1465
40677272;2015-6;2;35;m;KZ-1;211010;6;0;0.00;D0003
40680297;2015-6;1;32;m;KZ-1;266000;NULL;0;NULL;D0003
40685658;2015-7;1;36;m;KZ-1B;135021;6;0;0.00;D0003
40685659;2015-7;1;NULL;;KZ-1B;135021;6;0;0.00;D0003
40685660;2015-7;1;36;m;KZ-1;283051;6;0;0.00;D0003
40685661;2015-7;1;NULL;;KZ-1;283051;6;0;0.00;D0003
40702971;2015-8;1;35;m;KZ-1;122010;6;0;0.00;D0003
40702972;2015-10;1;43;m;KZ-1;259020;6;0;0.00;D0003
40702974;2015-8;1;43;m;KZ-1;259020;6;0;0.00;D0003
40708309;2015-9;1;32;m;KZ-1;257010;6;0;0.00;D0003
40708311;2015-9;1;32;m;KZ-1;266000;6;0;0.00;D0003
40708312;2015-9;1;37;m;KZ-1;267010;6;0;0.00;D0003
40711110;2012-11;2;40;m;KZ-1;211021;6;0;0.00;D0003
40711111;2012-11;2;40;m;KZ-1;211021;6;0;450.00;D0003
40711112;2012-11;2;40;m;KZ-1;211021;6;0;50.00;D0003
40714226;2015-10;1;38;m;KZ-1;257010;NULL;0;NULL;D0003
40714227;2015-10;1;44;m;KZ-1;257010;NULL;0;NULL;D0003
40714228;2015-10;1;NULL;m;KZ-1;257010;NULL;0;NULL;D0003
40719810;2015-10;2;40;ž;KZ-1;186010;NULL;0;NULL;D0003
40719823;2015-10;2;52;m;KZ-1;257010;6;0;0.00;D0003
40725762;2015-11;1;NULL;;KZ-1;266000;6;0;0.00;D0003
40729997;2015-7;2;32;m;KZ-1;307010;NULL;0;NULL;D1465
40729999;2015-7;2;33;m;KZ-1;209031;NULL;0;NULL;D1465
40733200;2015-12;2;37;ž;KZ-1;209010;NULL;0;NULL;D0003
40736494;0000-00;NULL;36;m;KZ-1;251010;6;0;300.00;D0003
40742170;2016-1;1;36;m;KZ-1;191031;6;0;200.00;D0003
40742979;2016-1;1;34;m;KZ-1;209010;6;0;0.00;D1469
40748545;2016-1;2;40;m;KZ-1;122010;6;0;12713.60;D0003
40751664;0000-00;NULL;NULL;m;KZ-1;259010;6;0;0.00;D0003
40751665;0000-00;NULL;NULL;m;KZ-1;257021;6;0;0.00;D0003
40760453;2016-2;2;43;m;KZ-1;261020;6;0;0.00;D0003
40760466;2016-2;2;36;m;KZ-1;209051;6;0;0.00;D1177
40763223;2016-3;1;42;m;KZ-1;191010;6;0;0.00;D5380
40764336;2016-3;1;41;m;KZ-1;122010;6;0;200.00;D1469
40764338;2016-3;1;41;m;KZ;135010;6;0;400000.00;D1469
40776475;2016-4;2;26;m;KZ-1B;324031;6;0;750.00;D0003
40778241;2016-5;1;33;m;KZ-1;240010;NULL;0;NULL;D0981
40781890;0000-00;NULL;28;m;KZ;261030;6;0;500.00;D0981
40781907;0000-00;NULL;33;ž;KZ-1;257030;6;0;0.00;D0981
40781910;0000-00;NULL;34;ž;KZ-1;257030;6;0;0.00;D0981
40787690;2016-6;2;43;m;KZ-1;257010;6;0;0.00;D1469
40787833;2015-11;1;NULL;;KZ-1;123031;6;0;0.00;D0003
40788555;2016-6;1;31;m;KZ-1;257030;NULL;0;NULL;D0003
40793356;2016-6;1;NULL;ž;KZ-1;266000;6;0;100.00;D1469
40801231;2016-7;2;40;m;KZ-1;197010;NULL;0;NULL;D0003
40802039;2016-7;2;44;m;KZ-1;197010;6;0;0.00;D0003
40804058;2016-7;2;31;m;KZ-1;197010;6;0;0.00;D0003
40804955;2016-5;1;NULL;m;KZ-1C;134110;6;0;8.35;D1469
40821559;2016-9;1;40;m;KZ-1;257010;NULL;0;0.00;D0003
40821560;2016-9;1;47;m;KZ-1;257010;6;0;0.00;D0003
40821561;2016-9;1;46;ž;KZ-1;257010;6;0;150.00;D0003
40821562;2016-9;1;41;m;KZ-1;257010;6;0;0.00;D0003
40821563;2016-9;1;40;m;KZ-1;259010;6;0;0.00;D0003
40821564;2016-9;1;47;m;KZ-1;259010;6;0;0.00;D0003
40821565;2016-9;1;46;ž;KZ-1;259010;6;0;0.00;D0003
40821566;2016-9;1;41;m;KZ-1;259010;6;0;0.00;D0003
40825863;2015-10;1;44;m;KZ-1;259020;6;0;0.00;D0003
40825864;2015-10;1;44;m;KZ-1;259020;6;0;0.00;D0003
40825876;0000-00;NULL;45;m;KZ-1;197010;NULL;0;NULL;D0981
40825877;0000-00;NULL;45;m;KZ-1;197010;6;0;0.00;D0981
40825878;0000-00;NULL;45;m;KZ-1;197010;6;0;0.00;D0981
40825879;0000-00;NULL;45;m;KZ-1;197010;6;0;0.00;D0981
40825880;0000-00;NULL;45;m;KZ-1;197010;6;0;100.00;D0981
40825881;0000-00;NULL;45;m;KZ-1;197010;6;0;0.00;D0981
40825882;0000-00;NULL;45;m;KZ-1;197010;6;0;0.00;D0981
40825883;0000-00;NULL;45;m;KZ-1;197010;6;0;500.00;D0981
40825884;0000-00;NULL;45;m;KZ-1;197010;NULL;0;NULL;D0981
40825885;0000-00;NULL;45;m;KZ-1;197021;6;0;0.00;D0981
40825886;0000-00;NULL;45;m;KZ-1;197021;6;0;0.00;D0981
40829464;2016-10;1;36;m;KZ-1;211010;6;0;0.00;D0003
40832670;2016-10;1;31;m;KZ-1;123010;6;0;0.00;D1465
40832968;2016-10;1;NULL;m;KZ-1;123031;6;0;0.00;D1469
40833079;2016-10;2;38;m;KZ-1;324010;6;0;319.06;D0003
40839460;2016-8;1;33;ž;KZ-1;257010;6;0;0.00;D0003
40839635;2016-11;1;38;m;KZ-1;251030;NULL;0;NULL;D0003
40839640;2016-11;1;41;m;KZ-1;281020;6;0;0.00;D0003
40840905;2016-11;1;26;m;KZ-1;251010;NULL;0;NULL;D0003
40840906;2016-11;1;34;m;KZ-1;211051;6;0;0.00;D0003
40840907;2016-11;1;26;m;KZ-1;211010;NULL;0;NULL;D0003
40842503;2016-11;2;44;m;KZ-1;324021;6;0;0.00;D0003
40842661;2016-11;1;42;m;KZ-1;257030;6;0;0.00;D0003
40843043;2014-11;1;49;m;KZ-1;251010;NULL;0;NULL;D0003
40844930;2016-12;2;56;m;KZ-1;325010;NULL;0;NULL;D0003
40845560;2016-12;2;37;m;KZ-1;136021;6;0;0.00;D1465
40845563;2016-12;2;37;m;KZ-1;267010;6;0;0.00;D1465
40845572;2016-12;2;36;m;KZ-1;266000;6;0;0.00;D1465
40845575;2016-12;2;37;m;KZ-1;286010;6;0;0.00;D1465
40845576;2016-12;2;28;ž;KZ-1;259010;6;0;0.00;D1465
40845581;2016-12;2;41;m;KZ-1;281020;6;0;1330.00;D1465
40845734;2016-12;1;34;m;KZ-1;257010;6;0;400.00;D0003
40852071;2016-12;2;40;m;KZ-1;211010;6;0;0.00;D0003
40857985;2017-1;1;60;m;KZ-1;266000;NULL;0;NULL;D0003
40858377;2017-1;1;32;m;KZ-1;191010;NULL;0;NULL;D0092
40858501;2017-1;2;42;m;KZ-1E;257030;6;0;0.00;D0098
40858531;2013-4;2;29;m;KZ-1;211010;6;0;0.00;D0981
40858532;0000-00;NULL;25;m;KZ-1;211010;6;0;9.19;D0981
40858581;2017-1;1;50;m;KZ-1;257010;6;0;380.00;D0003
40858582;2017-1;1;47;m;KZ-1;257010;6;0;58.92;D0003
40858583;2017-1;1;39;m;KZ-1;257010;6;0;0.00;D0003
40859572;2016-11;2;31;m;KZ-1;197010;NULL;0;NULL;D0003
40859573;2016-11;2;31;m;KZ-1;197010;6;0;0.00;D0003
40859674;2017-1;2;43;m;KZ-1;257053;6;0;0.00;D1465
40861923;2016-5;1;33;m;KZ-1;235010;6;0;0.00;D0981
40861924;2016-5;1;33;m;KZ-1;235010;6;0;1000.00;D0981
40861925;2016-5;1;34;m;KZ-1;235010;6;0;0.00;D0981
40861926;2016-5;1;34;m;KZ-1;235010;6;0;0.00;D0981
40861927;2016-5;1;34;m;KZ-1;235010;6;0;0.00;D0981
40861928;2016-5;1;34;m;KZ-1;235010;6;0;0.00;D0981
40861929;2016-5;1;34;m;KZ-1;235010;6;0;0.00;D0981
40861930;2016-5;1;34;m;KZ-1;235010;6;0;0.00;D0981
40861931;2016-5;1;34;m;KZ-1;235010;6;0;0.00;D0981
40861956;2016-11;2;42;m;KZ-1;281020;6;0;0.00;D0003
40864362;2017-2;1;41;m;KZ-1;141031;6;0;2380.00;D5306
40864363;2017-2;1;40;m;KZ-1;141031;6;0;300.00;D5306
40864364;2017-2;1;44;m;KZ-1;141031;6;0;14.98;D5306
40864365;2017-2;1;31;ž;KZ-1;141031;6;0;0.00;D5306
40867537;2017-2;2;39;m;KZ-1B;176030;6;0;1376.17;D1469
40869341;2017-2;2;40;m;KZ-1;283040;6;0;330.00;D0003
40872640;2017-3;1;42;ž;KZ-1;215010;6;0;30.00;D1465
40873118;2017-3;1;NULL;m;KZ-1;257010;NULL;0;NULL;D0003
40873413;2016-6;1;NULL;ž;KZ-1;257010;6;0;0.00;D1469
40873968;2017-3;1;33;m;KZ-1;135010;6;0;0.00;D0098
40878530;2017-3;2;31;m;KZ-1;257010;6;0;0.00;D0981
40878531;2017-3;2;29;m;KZ-1;257010;6;0;0.00;D0981
40878537;2017-3;2;44;ž;KZ-1;257010;6;0;0.00;D0981
40878541;2017-3;2;35;m;KZ-1;263020;6;0;0.00;D0981
40878542;2017-3;2;33;m;KZ-1;263020;6;0;0.00;D0981
40878543;2017-3;2;34;m;KZ-1;263020;6;0;0.00;D0981
40878544;2017-3;2;43;m;KZ-1;263020;6;0;100.00;D0981
40878546;2017-3;2;44;ž;KZ-1;263020;6;0;0.00;D0981
40878547;2017-3;2;39;ž;KZ-1;263020;6;0;0.00;D0981
40878550;2017-3;2;35;m;KZ-1;262010;6;0;0.00;D0981
40878553;2017-3;2;43;m;KZ-1;262010;6;0;0.00;D0981
40878554;2017-3;2;42;m;KZ-1C;264020;6;0;0.00;D0981
40879036;2017-3;1;29;m;KZ-1;257010;6;0;0.00;D0003
40879037;2017-3;1;30;m;KZ-1;257010;6;0;0.00;D0003
40879136;2016-1;1;36;m;KZ-1B;143062;NULL;0;NULL;D0003
40879139;2016-1;1;36;m;KZ-1B;143062;6;0;0.00;D0003
40882544;2017-4;1;40;m;KZ-1;135010;6;0;0.00;D0981
40884611;2017-4;1;NULL;m;KZ-1;258000;6;0;0.00;D0003
40884829;2017-1;1;42;m;KZ-1;257030;6;0;0.00;D0003
40884831;2017-1;1;42;m;KZ-1;257030;6;0;0.00;D0003
40886669;2017-3;2;37;m;KZ-1;257010;6;0;0.00;D0981
40886672;2017-3;1;NULL;m;KZ-1C;262020;6;0;0.00;D0981
40888404;2017-3;2;NULL;m;KZ-1;257010;6;0;0.00;D0981
40895009;2017-5;1;NULL;m;KZ-1;141031;6;0;0.00;D0003
40895010;2017-5;1;NULL;m;KZ-1;141031;6;0;NULL;D0003
40895011;2017-5;1;NULL;m;KZ-1;141031;6;0;0.00;D0003
40895012;2017-5;1;NULL;m;KZ-1;141031;6;0;0.00;D0003
40895013;2017-5;1;NULL;m;KZ-1;141031;6;0;0.00;D0003
40895014;2017-5;1;NULL;m;KZ-1;141031;6;0;0.00;D0003
40903995;2017-6;2;38;m;KZ-1;258000;6;0;NULL;D0073
40904188;2017-6;1;NULL;m;KZ-1;257021;6;0;0.00;D1469
40904189;2017-6;1;NULL;m;KZ-1;257021;6;0;0.00;D1469
40904190;2017-6;1;NULL;ž;KZ-1;257021;6;0;0.00;D1469
40910998;2017-7;1;48;m;KZ-1;259020;6;0;NULL;D1469
40919276;2017-7;1;NULL;m;KZ-1;257010;6;0;NULL;D0003
40919277;2017-7;1;41;m;KZ-1;257010;6;0;NULL;D0003
40922385;2017-7;1;40;m;KZ-1;211010;6;0;NULL;D0003
40922416;2017-7;1;36;m;KZ-1;197010;6;0;7637.38;D0003
40922665;2017-7;1;42;m;KZ-1;257010;6;0;NULL;D0003
40922814;2017-8;1;19;m;KZ-1;123010;NULL;0;NULL;D1465
40926362;2017-8;1;38;m;KZ-1;284030;6;0;NULL;D1469
40926363;2017-8;1;38;m;KZ-1;284030;6;0;NULL;D1469
40926364;2017-8;1;38;m;KZ-1;283020;6;0;NULL;D1469
40926365;2017-8;1;38;m;KZ-1;283020;6;0;NULL;D1469
40927804;2017-8;9;30;m;KZ-1;314010;NULL;0;NULL;D0003
40930170;2017-9;1;32;m;KZ-1;240021;6;0;650.00;D0082
40930573;2017-9;1;46;ž;KZ-1;133010;6;0;NULL;D0073
40930574;2017-9;1;45;m;KZ-1;133010;6;0;NULL;D0073
40930607;2017-9;1;37;m;KZ-1;211010;6;0;NULL;D0003
40930736;2017-1;1;NULL;m;KZ-1;257010;NULL;0;NULL;D0003
40930737;2017-1;1;NULL;;KZ-1;257010;NULL;0;NULL;D0003
40933173;2017-9;2;52;m;KZ-1;281020;6;0;219.00;D1465
40933816;2017-9;1;30;ž;KZ-1;204010;NULL;0;NULL;D1469
40934142;2017-9;1;38;ž;KZ-1;283010;6;0;0.00;D0003
40937636;2017-9;1;39;m;KZ-1;191010;6;0;0.00;D0003
40937716;2017-9;1;40;m;KZ-1;191010;NULL;0;NULL;D0981
40938783;2017-9;0;43;m;KZ-1;192010;6;0;25.00;D5306
40940436;2017-10;1;35;m;KZ-1;257030;6;0;106.76;D0981
40941165;2017-10;1;44;m;KZ-1;257010;6;0;NULL;D0003
40941166;2017-10;1;33;m;KZ-1;257010;6;0;NULL;D0003
40941170;2017-10;1;40;m;KZ-1;257010;6;0;NULL;D0003
40949406;2017-10;2;37;m;KZ-1;267010;6;0;NULL;D0098
40949407;2017-10;2;34;m;KZ-1;267010;6;0;NULL;D0098
40951353;2017-11;1;41;m;KZ-1;159010;6;0;NULL;D0003
40951367;2017-11;1;34;m;KZ-1;135010;6;0;50.00;D0003
40951399;2017-11;1;NULL;m;KZ-1C;143061;6;0;0.00;D0003
40951400;2017-11;1;NULL;m;KZ-1C;143061;6;0;0.00;D0003
40953285;2017-11;1;50;m;KZ-1;257010;6;0;NULL;D0003
40955204;2017-11;0;42;m;KZ-1;252011;6;0;NULL;D0981
40956906;0000-00;NULL;42;m;KZ-1;296021;NULL;0;NULL;D5380
40956926;2016-3;1;42;m;KZ-1;209031;NULL;0;NULL;D5380
40957021;2017-11;1;44;m;KZ-1;257010;6;0;NULL;D0003
40957022;2017-11;1;28;m;KZ-1;257010;6;0;1234.10;D0003
40958108;2017-11;6;NULL;ž;KZ-1;257010;NULL;0;NULL;D0003
40961100;2017-12;1;49;m;KZ-1;191031;6;0;NULL;D0003
40961468;2017-12;1;30;m;KZ-1;191010;6;0;NULL;D5380
40961614;2017-12;1;NULL;m;KZ-1;257021;NULL;0;NULL;D0003
40961615;2017-12;1;36;m;KZ-1;257021;NULL;0;NULL;D0003
40962184;2017-12;1;32;m;KZ-1;191010;6;0;NULL;D0092
40963091;2017-12;1;41;m;KZ-1;123010;6;0;0.00;D0098
40963635;2017-7;1;39;m;KZ-1;211010;6;0;250.00;D0003
40963636;2017-7;1;42;m;KZ-1;211010;6;0;NULL;D0003
40963638;2017-7;1;45;m;KZ-1;211010;6;0;NULL;D0003
40964692;2017-12;1;NULL;m;KZ-1;284010;6;0;400.00;D0003
40964693;2017-12;1;30;m;KZ-1;284010;6;0;NULL;D0003
40964694;2017-12;1;NULL;m;KZ-1;259010;NULL;0;NULL;D0003
40964695;2017-12;1;30;m;KZ-1;259010;6;0;NULL;D0003
40964705;2017-12;0;50;m;KZ-1;266000;6;0;NULL;D0003
40964706;2017-12;0;NULL;;KZ-1;266000;6;0;NULL;D0003
40967518;2017-12;2;39;m;KZ-1B;324031;6;0;2000.00;D0003
40971309;2017-12;2;44;m;KZ-1C;263020;6;0;NULL;D0981
40972125;2017-9;1;37;m;KZ-1;211010;6;0;NULL;D0003
40972170;2018-1;2;49;m;KZ-1;323010;NULL;0;NULL;D0003
40973525;2018-1;1;46;m;KZ-1;296010;6;0;NULL;D0003
40973526;2018-1;1;47;m;KZ-1;296010;6;0;NULL;D0003
40973527;2018-1;1;44;m;KZ-1;296010;6;0;NULL;D0003
40973528;2018-1;1;41;m;KZ-1;296010;6;0;NULL;D0003
40975632;2018-1;1;45;m;KZ-1;283010;6;0;NULL;D0003
40976233;2018-1;2;31;m;KZ-1;172010;NULL;0;NULL;D0092
40977293;2018-1;0;44;m;KZ-1E;257010;6;0;0.00;D0003
40977825;2018-1;1;44;m;KZ-1;191010;6;0;10.00;D1465
40978899;2018-1;1;36;m;KZ-1;133021;6;0;NULL;D0003
40978900;2018-1;1;34;m;KZ-1;133021;6;0;NULL;D0003
40978902;2018-1;1;36;m;KZ-1;266000;6;0;150.00;D0003
40978903;2018-1;1;34;m;KZ-1;266000;6;0;NULL;D0003
40980880;2018-1;1;51;m;KZ-1;138010;6;0;NULL;D1469
40980888;2018-1;1;28;m;KZ-1;204021;NULL;0;NULL;D0003
40981370;2018-2;1;50;m;KZ-1;158021;6;0;NULL;D0003
40981371;2018-2;1;NULL;;KZ-1;158021;6;0;NULL;D0003
40982082;2018-2;1;43;m;KZ-1;259010;NULL;0;NULL;D0003
40982760;2018-2;2;38;m;KZ-1;259010;NULL;0;NULL;D0003
40983009;2018-2;1;36;ž;KZ-1;258000;6;0;400.00;D0003
40985714;2018-2;1;NULL;m;KZ-1;284030;NULL;0;NULL;D0073
40985715;2018-2;1;NULL;m;KZ-1;284030;6;0;0.00;D0073
40985716;2018-2;1;NULL;m;KZ-1;284030;6;0;0.00;D0073
40985717;2018-2;1;NULL;m;KZ-1;284030;6;0;0.00;D0073
40988128;2018-2;0;33;m;KZ-1;192010;6;0;NULL;D0098
40988285;2018-2;1;37;m;KZ-1E;257010;6;0;0.00;D0003
40988286;2018-2;1;48;m;KZ-1E;257010;6;0;NULL;D0003
40988324;2018-2;2;35;m;KZ-1;221010;6;0;0.00;D0074
40989671;2018-2;1;44;m;KZ-1;259010;6;0;NULL;D1177
40991794;2018-3;1;39;m;KZ-1;211021;6;0;NULL;D0003
40991838;2018-2;1;44;m;KZ-1;251010;6;0;NULL;D0003
40991891;2018-3;0;38;m;KZ-1;263020;6;0;700.00;D1177
40994708;2018-3;1;NULL;m;KZ-1;258000;6;0;0.00;D0003
40994741;2018-3;0;49;m;KZ-1;263020;6;0;NULL;D0003
40994751;2018-3;2;36;m;KZ-1;266000;6;0;NULL;D0073
40994752;2018-3;2;36;m;KZ-1;266000;6;0;0.00;D0073
40995681;2018-3;1;41;m;KZ-1;258000;6;0;0.00;D0003
40995682;2018-3;1;NULL;m;KZ-1;258000;NULL;0;NULL;D0003
40997172;2017-11;1;NULL;m;KZ-1C;143061;NULL;0;NULL;D0003
40997173;2017-11;1;NULL;m;KZ-1C;143061;6;0;NULL;D0003
40997174;2017-11;1;NULL;;KZ-1C;143061;6;0;0.00;D0003
40997205;2018-3;1;41;m;KZ-1E;257030;6;0;0.00;D0003
40997223;2018-3;1;43;m;KZ-1;257010;6;0;0.00;D0003
40997241;2018-3;1;NULL;m;KZ-1;266000;NULL;0;NULL;D0003
40997242;2018-3;1;NULL;m;KZ-1;266000;NULL;0;NULL;D0003
40997404;2018-3;1;35;m;KZ-1;266000;6;0;NULL;D0003
40997420;2018-3;1;46;m;KZ-1;257010;6;0;NULL;D0003
40997578;2018-3;1;36;m;KZ-1;257010;6;0;NULL;D0003
40997579;2018-3;1;44;m;KZ-1;257010;6;0;80.00;D0003
40997580;2018-3;1;38;m;KZ-1;257010;6;0;0.00;D0003
40997647;2017-7;1;NULL;m;KZ-1;266000;6;0;0.00;D0003
40997648;2017-7;1;41;m;KZ-1;266000;6;0;0.00;D0003
40997649;2017-7;1;NULL;m;KZ-1;257010;6;0;0.00;D0003
40997650;2017-7;1;NULL;m;KZ-1;257010;6;0;NULL;D0003
40997653;2017-7;1;NULL;m;KZ-1;259010;6;0;NULL;D0003
40997654;2017-7;1;NULL;m;KZ-1;259010;6;0;NULL;D0003
40998229;2018-3;2;38;m;KZ-1E;257010;6;0;NULL;D0981
40998230;2018-3;2;40;m;KZ-1E;257010;6;0;NULL;D0981
40998232;2018-3;2;38;m;KZ-1E;257010;6;0;NULL;D0981
40998233;2018-3;2;42;m;KZ-1;211010;6;0;NULL;D0981
41000735;2018-3;1;34;m;KZ-1;266000;6;0;NULL;D1469
41001041;2018-4;7;32;m;KZ-1;258000;6;0;NULL;D0003
41001128;2018-4;1;48;m;KZ-1;296021;6;0;1274.10;D1177
41001129;2018-4;1;42;m;KZ-1;296021;6;0;1270.55;D1177
41002161;2018-4;0;43;m;KZ-1;209010;6;0;0.00;D0073
41002162;2018-4;0;43;m;KZ-1;257010;6;0;0.00;D0073
41002163;2018-4;0;43;m;KZ-1;211010;6;0;NULL;D0073
41002845;2018-4;1;44;m;KZ-1C;135021;NULL;0;NULL;D0003
41003421;2018-3;1;36;m;KZ-1;251010;6;0;NULL;D0003
41006005;2018-3;1;36;m;KZ-1;283010;NULL;0;NULL;D0003
41006071;2018-4;1;46;m;KZ-1;214000;NULL;0;NULL;D0003
41006521;2018-4;0;43;m;KZ-1;196010;6;0;NULL;D0003
41007142;0000-00;NULL;37;m;KZ-1;197010;6;0;NULL;D1465
41007153;2012-7;2;36;m;KZ-1;197010;6;0;NULL;D1465
41007156;2012-7;2;36;m;KZ-1;197010;NULL;0;NULL;D1465
41007158;2012-7;2;38;m;KZ-1;197010;6;0;NULL;D1465
41007160;2012-7;2;37;m;KZ-1;197010;6;0;NULL;D1465
41007163;2012-7;2;37;m;KZ-1;197010;6;0;NULL;D1465
41007165;2012-7;2;36;m;KZ-1;197010;6;0;NULL;D1465
41008316;2018-4;1;31;m;KZ-1;257010;6;0;0.00;D0003
41008321;2018-4;1;35;ž;KZ-1;213010;NULL;0;NULL;D0003
41008322;2018-4;1;37;m;KZ-1;213010;NULL;0;NULL;D0003
41008324;2018-4;0;44;m;KZ-1;257010;NULL;0;NULL;D0073
41008331;2018-4;1;38;m;KZ-1;135010;NULL;0;NULL;D0981
41008409;2017-7;1;36;m;KZ-1;257010;6;0;NULL;D0003
41008994;2018-4;0;48;m;KZ-1;257010;NULL;0;NULL;D1177
41009002;2018-4;1;37;m;KZ-1;258000;NULL;0;NULL;D0003
41009956;2018-5;1;45;m;KZ-1B;133021;6;0;NULL;D0003
41009957;2018-5;1;49;m;KZ-1B;133021;6;0;NULL;D0003
41009958;2018-5;1;36;ž;KZ-1B;133021;6;0;52070.80;D0003
41009959;2018-5;1;30;m;KZ-1B;133021;6;0;0.00;D0003
41009960;2018-5;1;47;m;KZ-1B;133021;6;0;0.00;D0003
41011614;2018-2;2;38;m;KZ-1E;257010;6;0;200.00;D0003
41012111;2014-11;2;37;m;KZ-1;197010;6;0;8.91;D1465
41013153;2018-5;0;30;m;KZ-1;266000;6;0;NULL;D1465
41013508;2018-5;0;40;m;KZ-1;252015;6;0;NULL;D0003
41013514;2018-5;1;40;m;KZ-1;251010;6;0;0.00;D0098
41013698;2018-5;1;43;m;KZ-1;257010;6;0;NULL;D0003
41014041;2018-5;1;47;m;KZ-1;257010;6;0;0.00;D0003
41014042;2018-5;1;NULL;;KZ-1;257010;6;0;0.00;D0003
41014060;2018-5;1;36;m;KZ-1;266000;NULL;0;NULL;D0003
41014061;2018-5;1;50;m;KZ-1;266000;6;0;NULL;D0003
41014167;2018-2;2;36;m;KZ-1;221020;6;0;NULL;D0074
41014201;2018-4;1;44;m;KZ-1;266000;6;0;0.00;D0003
41014343;2018-2;2;35;m;KZ-1;221010;NULL;0;NULL;D0074
41017068;2018-5;1;38;m;KZ-1;296010;6;0;0.00;D1465
41017069;2018-5;1;41;m;KZ-1C;134110;6;0;0.00;D1465
41017459;2018-5;0;44;m;KZ-1;251010;6;0;NULL;D0003
41018689;2018-5;1;36;m;KZ-1;266000;6;0;300.00;D0003
41019223;2018-5;1;40;m;KZ-1;135010;6;0;NULL;D0003
41019634;2017-9;1;47;m;KZ-1;307010;6;0;0.00;D0981
41020051;2018-6;1;44;m;KZ-1;257010;6;0;10895.00;D0003
41020052;2018-6;1;43;m;KZ-1;257010;6;0;NULL;D0003
41021038;2018-6;1;NULL;;KZ-1;284010;NULL;0;NULL;D0003
41021039;2018-6;1;35;m;KZ-1;284010;NULL;0;NULL;D0003
41021048;2018-6;1;40;m;KZ-1;266000;NULL;0;NULL;D1469
41021049;2018-6;1;37;m;KZ-1;266000;NULL;0;NULL;D1469
41022659;2017-7;1;48;m;KZ-1;257010;6;0;NULL;D1469
41024628;2018-6;1;43;m;KZ-1;135010;6;0;NULL;D0003
41024631;2018-6;1;43;m;KZ-1E;143072;6;0;NULL;D0003
41025558;2018-6;1;45;m;KZ-1B;192010;6;0;NULL;D0003
41027464;2018-6;2;46;m;KZ-1C;242020;6;0;NULL;D0003
41027465;2018-6;2;38;m;KZ-1C;242020;6;0;NULL;D0003
41027466;2018-6;2;50;m;KZ-1C;242020;6;0;NULL;D0003
41027467;2018-6;2;52;m;KZ-1C;242020;6;0;NULL;D0003
41027468;2018-6;2;36;m;KZ-1C;242020;6;0;NULL;D0003
41027469;2018-6;2;40;m;KZ-1;258000;6;0;NULL;D0003
41027566;2018-6;0;33;m;KZ-1;323010;6;0;NULL;D0074
41027576;2018-6;1;48;ž;KZ-1;258000;6;0;NULL;D0003
41027577;2018-6;1;45;m;KZ-1;211010;6;0;NULL;D0098
41027897;2018-6;1;37;m;KZ-1;258000;6;0;0.00;D0003
41027898;2018-6;1;33;m;KZ-1;258000;6;0;0.00;D0003
41027929;2018-6;0;NULL;m;KZ-1;257010;6;0;NULL;D0073
41029283;2018-7;1;52;m;KZ-1;257030;6;0;NULL;D0003
41031317;2018-7;0;NULL;m;KZ-1;123031;6;0;NULL;D0981
41031355;2018-7;0;36;m;KZ-1;257010;NULL;0;NULL;D0073
41032886;2017-9;0;36;m;KZ-1;257010;NULL;0;NULL;D0003
41032888;2017-9;0;36;m;KZ-1;258000;NULL;0;NULL;D0003
41032963;2018-7;1;37;m;KZ-1;191010;6;0;NULL;D0003
41037784;2018-7;0;30;ž;KZ-1;211010;6;0;NULL;D0003
41039943;2017-11;1;41;m;KZ-1;159010;6;0;NULL;D0003
41040362;2018-3;2;40;m;KZ-1E;257030;NULL;0;NULL;D0981
41040363;2018-3;2;40;m;KZ-1E;257030;6;0;NULL;D0981
41040364;2018-3;2;40;m;KZ-1E;257030;6;0;0.00;D0981
41040365;2018-3;2;40;m;KZ-1E;257030;6;0;0.00;D0981
41040377;2018-3;2;35;m;KZ-1E;257030;NULL;0;NULL;D0981
41040378;2018-3;2;35;m;KZ-1E;257030;NULL;0;NULL;D0981
41040616;2017-4;1;26;m;KZ-1;122010;6;0;150.00;D0003
41040617;2017-4;1;55;m;KZ-1;283010;6;0;NULL;D0003
41041199;2018-7;0;28;m;KZ-1;257010;6;0;NULL;D0073
41041200;2018-7;0;33;m;KZ-1;257010;6;0;NULL;D0073
41041201;2018-7;0;20;m;KZ-1;305020;6;0;NULL;D0073
41041883;2018-7;1;NULL;m;KZ-1;266000;6;0;0.00;D0073
41041884;2018-7;1;NULL;m;KZ-1;266000;6;0;0.00;D0073
41041887;2018-7;1;38;m;KZ-1;158010;6;0;NULL;D0073
41042301;2018-7;1;34;m;KZ-1;266000;NULL;0;NULL;D0003
41042312;2018-7;1;44;m;KZ-1;266000;6;0;0.00;D0003
41042313;2018-7;1;43;m;KZ-1;266000;6;0;NULL;D0003
41042314;2018-7;1;38;m;KZ-1;266000;6;0;0.00;D0003
41042315;2018-7;1;33;m;KZ-1;266000;6;0;NULL;D0003
41042316;2018-7;1;35;m;KZ-1;266000;6;0;NULL;D0003
41042317;2018-7;1;38;m;KZ-1;266000;6;0;NULL;D0003
41042384;2018-8;1;37;m;KZ-1B;266000;6;0;NULL;D0003
41043124;2018-8;0;38;ž;KZ-1;197010;6;0;NULL;D0073
41043609;2018-7;1;34;m;KZ-1;220010;6;0;NULL;D0003
41045548;2018-8;1;46;ž;KZ-1;160030;3;0;NULL;D0003
41045554;2018-8;1;13;m;KZ-1;257021;6;0;NULL;D0003
41045555;2018-8;1;48;m;KZ-1;257021;6;0;NULL;D0003
41046010;2018-8;0;34;ž;KZ-1;158010;6;0;NULL;D0008
41046442;2018-8;1;46;m;KZ-1;192010;6;0;1000.00;D5092
41047036;2018-9;1;33;ž;KZ-1;284030;6;0;NULL;D0073
41047719;2018-9;1;40;ž;KZ-1B;257010;6;0;50.00;D0073
41051913;2018-9;0;45;m;KZ-1;203010;6;0;0.00;D0073
41053820;2017-9;1;46;ž;KZ-1;259010;NULL;0;NULL;D0073
41053821;2017-9;1;45;m;KZ-1;259010;NULL;0;NULL;D0073
41053822;2017-9;1;45;m;KZ-1;259020;NULL;0;NULL;D0073
41053857;2018-6;0;40;m;KZ-1C;242020;6;0;0.00;D0003
41054136;2018-9;1;NULL;m;KZ-1;258000;6;0;434.44;D0003
41054137;2018-9;1;41;m;KZ-1;258000;6;0;NULL;D0003
41054138;2018-9;1;NULL;m;KZ-1;257010;6;0;0.00;D0003
41054319;2018-9;0;39;ž;KZ-1;192010;6;0;3500.00;D0073
41054326;2018-9;1;34;m;KZ-1;266000;6;0;NULL;D0098
41054334;2018-9;1;31;m;KZ-1;266000;6;0;NULL;D0073
41054900;2018-5;1;24;m;KZ-1;284020;6;0;600.00;D5092
41054901;2018-5;1;23;m;KZ-1;284020;6;0;NULL;D5092
41054904;2018-7;1;25;ž;KZ-1;257021;6;0;NULL;D5092
41054905;2018-7;1;42;m;KZ-1;283020;NULL;0;NULL;D5092
41054906;2018-7;1;38;ž;KZ-1;257021;6;0;200.00;D5092
41054907;2018-7;1;39;m;KZ-1;283020;6;0;NULL;D5092
41054909;2018-7;1;25;ž;KZ-1;259010;6;0;3000.00;D5092
41054910;2018-7;1;38;ž;KZ-1;259010;6;0;NULL;D5092
41054999;2018-9;1;NULL;;KZ-1;133021;6;0;NULL;D0073
41055000;2018-9;1;NULL;;KZ-1;257010;6;0;NULL;D0073
41058705;2018-9;1;44;m;KZ-1;266000;6;0;NULL;D0003
41058707;2018-9;1;44;m;KZ-1C;220010;6;0;NULL;D0003
41059443;2018-9;1;40;m;KZ-1C;135010;6;0;550.00;D0003
41059576;2017-8;1;44;ž;KZ-1;283052;6;0;0.00;D1469
41060278;2018-2;1;44;m;KZ-1;144021;6;0;0.00;D0981
41063050;2018-9;1;38;m;KZ-1;257010;6;0;NULL;D0073
41063051;2018-9;1;31;m;KZ-1;257010;6;0;NULL;D0073
41063076;2018-9;1;NULL;m;KZ-1;259010;6;0;NULL;D0003
41063111;2018-10;1;34;ž;KZ-1;257010;6;0;NULL;D1465
41063129;2018-7;2;28;ž;KZ-1;211010;6;0;NULL;D1177
41063130;2018-7;2;49;m;KZ-1;211010;6;0;NULL;D1177
41063643;2018-10;1;37;m;KZ-1;266000;6;0;0.00;D0073
41064011;2018-10;1;41;m;KZ-1;141031;6;0;1000.00;D0073
41064894;2018-10;1;49;m;KZ-1;133021;6;0;0.00;D1465
41064895;2018-10;1;49;ž;KZ-1;133021;NULL;0;NULL;D1465
41064896;2018-10;1;38;m;KZ-1;133021;NULL;0;NULL;D1465
41064897;2018-10;1;47;m;KZ-1;133021;6;0;NULL;D1465
41064926;2018-10;0;31;ž;KZ-1;323010;6;0;NULL;D0073
41064948;2018-10;0;26;m;KZ-1;323010;6;0;NULL;D0003
41065103;2018-10;1;33;m;KZ-1E;257010;6;0;NULL;D0003
41065104;2018-10;1;39;m;KZ-1E;257010;6;0;195.00;D0003
41065114;2018-10;0;NULL;;KZ-1;211010;6;0;500.00;D0073
41065127;2018-10;1;41;ž;KZ-1;192010;6;0;0.00;D0073
41066764;2018-10;1;37;m;KZ-1;191031;6;0;0.00;D0981
41067580;2018-10;1;52;m;KZ-1B;314031;6;0;NULL;D0073
41068818;2018-10;0;50;m;KZ-1;209051;NULL;0;NULL;D0073
41068819;2018-10;0;52;m;KZ-1;209051;6;0;NULL;D0073
41068860;2018-10;1;37;m;KZ-1;258000;6;0;0.00;D0073
41068941;2018-10;1;50;m;KZ-1;257030;NULL;0;NULL;D0003
41068942;2018-10;1;35;m;KZ-1;257030;NULL;0;NULL;D0003
41068985;2018-10;1;32;m;KZ-1C;134121;6;0;NULL;D0003
41069016;2017-11;1;NULL;ž;KZ-1C;143061;NULL;0;NULL;D0003
41069022;2017-11;1;NULL;ž;KZ-1;257010;6;0;NULL;D0003
41069023;2017-11;1;NULL;m;KZ-1;257010;NULL;0;NULL;D0003
41069027;2017-11;1;NULL;m;KZ-1;284030;6;0;NULL;D0003
41070407;2018-11;1;NULL;m;KZ-1;257010;6;0;0.00;D0073
41071313;2018-11;1;47;m;KZ-1;258000;6;0;100.00;D0003
41071496;2018-11;1;37;m;KZ-1;266000;6;0;10000.00;D0003
41071497;2018-11;1;33;m;KZ-1;266000;6;0;NULL;D0003
41071498;2018-11;1;24;m;KZ-1;266000;6;0;NULL;D0003
41071573;2018-11;1;36;m;KZ-1;257010;6;0;0.00;D0003
41071574;2018-11;1;35;m;KZ-1;257010;6;0;NULL;D0003
41071575;2018-11;1;41;m;KZ-1;257010;6;0;450.00;D0003
41071576;2018-11;1;41;m;KZ-1;257010;6;0;NULL;D0003
41071577;2018-11;1;49;ž;KZ-1;257010;6;0;NULL;D0003
41071578;2018-11;1;42;ž;KZ-1;257010;6;0;NULL;D0003
41071579;2018-11;1;54;ž;KZ-1;257010;6;0;NULL;D0003
41071580;2018-11;1;41;ž;KZ-1;257010;6;0;0.00;D0003
41071581;2018-11;1;54;ž;KZ-1;257010;6;0;NULL;D0003
41071828;2018-11;1;NULL;m;KZ-1;284010;6;0;200.00;D0073
41071832;2018-11;1;NULL;m;KZ-1;285030;6;0;NULL;D0073
41071833;2018-11;1;NULL;m;KZ-1;251010;6;0;NULL;D0073
41072234;2018-10;0;43;m;KZ-1;192010;6;0;NULL;D0073
41072494;2018-11;1;41;m;KZ-1E;257010;6;0;NULL;D0003
41073050;2018-11;1;31;m;KZ-1;266000;NULL;0;NULL;D0073
41073409;2018-11;1;NULL;m;KZ-1;205011;6;0;35.79;D0073
41073727;2018-7;2;43;m;KZ-1E;257010;6;0;1399.00;D0003
41074085;2018-11;1;34;ž;KZ-1;138010;6;0;NULL;D0003
41074121;2018-11;1;NULL;m;KZ-1;266000;6;0;NULL;D0981
41075106;2018-11;1;32;ž;KZ-1;221020;6;0;0.00;D0008
41075107;2018-11;1;48;m;KZ-1;211010;6;0;NULL;D0008
41075716;2018-1;1;44;m;KZ-1;259010;6;0;380.00;D0003
41075808;2018-11;1;30;m;KZ-1;259010;6;0;0.00;D0073
41075825;2018-11;1;38;m;KZ-1;160010;6;0;0.00;D0003
41076735;2018-11;1;41;m;KZ-1;266000;6;0;NULL;D1469
41076736;2018-11;1;46;m;KZ-1;266000;6;0;NULL;D1469
41076737;2018-11;1;35;m;KZ-1;266000;6;0;NULL;D1469
41076742;2018-11;1;29;m;KZ-1;266000;NULL;0;NULL;D1469
41076790;2018-11;1;37;m;KZ-1;266000;6;0;NULL;D0003
41076791;2018-11;1;39;m;KZ-1;266000;6;0;NULL;D0003
41076792;2018-11;1;NULL;m;KZ-1;266000;6;0;NULL;D0003
41076793;2018-11;1;NULL;m;KZ-1;266000;6;0;NULL;D0003
41077160;2018-11;1;NULL;ž;KZ-1E;240010;6;0;NULL;D0003
41077161;2018-11;1;NULL;m;KZ-1E;240010;6;0;NULL;D0003
41077190;2018-11;1;26;ž;KZ-1E;143072;6;0;4640.00;D0082
41078733;2018-11;1;NULL;m;KZ-1;259010;6;0;200.00;D0073
41078748;2018-11;1;37;m;KZ-1E;143072;6;0;NULL;D0073
41078752;2018-11;1;37;m;KZ-1;211010;6;0;0.00;D0073
41078758;2018-11;1;NULL;m;KZ-1;158021;6;0;0.00;D0073
41078759;2018-11;1;NULL;m;KZ-1;159010;6;0;0.00;D0073
41078760;2018-11;1;40;;KZ-1;159010;6;0;0.00;D0073
41078761;2018-11;1;52;m;KZ-1;159010;NULL;0;NULL;D0073
41080055;2018-11;1;NULL;m;KZ-1C;135021;6;0;200.00;D0981
41080060;2018-11;1;35;m;KZ-1;197010;6;0;NULL;D0073
41080064;2018-11;1;NULL;m;KZ-1;141031;6;0;0.00;D0003
41080065;2018-11;1;NULL;m;KZ-1;141031;6;0;0.00;D0003
41080066;2018-11;1;NULL;;KZ-1;141031;6;0;NULL;D0003
41080067;2018-11;1;NULL;m;KZ-1;141031;6;0;72.42;D0003
41080069;2018-11;1;NULL;m;KZ-1;266000;6;0;150.00;D0003
41080070;2018-11;1;NULL;m;KZ-1;266000;6;0;0.00;D0003
41080071;2018-11;1;NULL;m;KZ-1;266000;6;0;NULL;D0003
41080072;2018-11;1;NULL;m;KZ-1;266000;6;0;NULL;D0003
41080073;2018-11;1;NULL;m;KZ-1;266000;6;0;0.00;D0003
41080074;2018-11;1;NULL;m;KZ-1;266000;6;0;NULL;D0003
41080716;0000-00;NULL;36;m;KZ-1;259010;6;0;0.00;D0003
41080717;0000-00;NULL;44;m;KZ-1;259010;6;0;0.00;D0003
41080718;0000-00;NULL;38;m;KZ-1;259010;NULL;0;NULL;D0003
41080935;2018-12;1;24;m;KZ-1;299040;6;0;NULL;D0073
41081451;2018-9;1;NULL;m;KZ-1;266000;NULL;0;NULL;D0003
41081452;2018-9;1;NULL;m;KZ-1;220010;NULL;0;NULL;D0003
41081542;2018-12;0;37;m;KZ-1;211051;6;0;NULL;D0003
41081831;2018-12;1;NULL;m;KZ-1;284010;NULL;0;NULL;D0073
41081832;2018-12;1;NULL;m;KZ-1;284010;3;0;NULL;D0073
41081833;2018-12;1;NULL;;KZ-1;284010;NULL;0;NULL;D0073
41081834;2018-12;1;NULL;;KZ-1;284010;NULL;0;NULL;D0073
41082341;2018-7;1;NULL;m;KZ-1;141031;6;0;280.00;D0003
41082342;2018-7;1;NULL;m;KZ-1;141031;6;0;NULL;D0003
41082343;2018-7;1;NULL;m;KZ-1;141031;6;0;NULL;D0003
41082344;2018-7;1;NULL;m;KZ-1;141031;6;0;270.00;D0003
41083723;2018-12;1;37;m;KZ-1;266000;6;0;NULL;D0073
41083748;2018-12;1;43;m;KZ-1E;257010;6;0;2.65;D0014
41083772;2018-12;1;24;m;KZ-1E;257010;6;0;NULL;D0074
41083783;2018-12;1;40;m;KZ-1;191010;6;0;NULL;D0073
41083784;2018-12;1;28;m;KZ-1E;257010;6;0;0.00;D0073
41083788;2018-12;1;45;m;KZ-1;215010;6;0;800.00;D0003
41083789;2018-12;1;53;m;KZ-1;215010;NULL;0;NULL;D0003
41084791;2018-12;1;55;m;KZ-1E;257010;6;0;NULL;D0073
41085028;2018-12;1;42;m;KZ-1;138010;6;0;0.00;D0003
41085762;2018-2;1;43;m;KZ-1E;257010;6;0;0.00;D0003
41085764;2018-2;1;49;m;KZ-1;266000;6;0;NULL;D0003
41085765;2018-2;1;38;m;KZ-1;266000;6;0;1800.00;D0003
41085767;2018-2;1;39;ž;KZ-1;144010;6;0;1000.00;D0003
41085768;2018-2;1;52;m;KZ-1;144010;6;0;NULL;D0003
41085769;2018-2;1;38;m;KZ-1;144010;6;0;200.00;D0003
41085770;2018-2;1;49;m;KZ-1;144010;6;0;NULL;D0003
41085787;2016-12;2;33;m;KZ-1;235020;6;0;0.00;D0981
41085788;2016-12;2;33;m;KZ-1;235020;6;0;NULL;D0981
41085789;2016-12;2;33;m;KZ-1;235020;6;0;NULL;D0981
41085790;2016-12;2;33;m;KZ-1;235020;NULL;0;NULL;D0981
41085791;2016-12;2;33;m;KZ-1;235020;6;0;NULL;D0981
41085792;2016-12;2;33;m;KZ-1;235020;6;0;0.00;D0981
41085793;2016-12;2;33;m;KZ-1;235020;6;0;NULL;D0981
41085794;2016-12;2;33;m;KZ-1;235020;6;0;40.14;D0981
41085795;2016-12;2;33;m;KZ-1;235020;6;0;0.00;D0981
41085936;2018-12;1;31;m;KZ-1;296021;NULL;0;NULL;D1164
41085937;2018-12;1;31;m;KZ-1;296021;6;0;0.00;D0981
41086862;2018-6;1;41;ž;KZ-1E;257010;6;0;NULL;D0003
41086863;2018-6;1;60;ž;KZ-1E;257010;6;0;NULL;D0003
41086865;2018-6;1;45;ž;KZ-1E;257010;6;0;NULL;D0003
41086866;2018-6;1;NULL;m;KZ-1E;257010;6;0;NULL;D0003
41087283;2018-12;1;41;m;KZ-1;135010;6;0;NULL;D0003
41087437;2018-12;1;36;m;KZ-1;192010;6;0;NULL;D0073
41087835;2018-12;0;34;m;KZ-1;211010;6;0;NULL;D0073
41087836;2018-12;0;37;m;KZ-1;257010;6;0;NULL;D0073
41087906;2018-12;1;41;m;KZ-1E;257010;6;0;0.00;D0073
41087907;2018-12;1;41;m;KZ-1E;257010;6;0;0.00;D0073
41088016;2018-12;1;39;m;KZ-1;257010;6;0;0.00;D0014
41088025;2018-12;1;37;m;KZ-1;263020;NULL;0;NULL;D0981
41089145;2018-12;1;41;m;KZ-1;204021;NULL;0;NULL;D0073
41089729;2018-12;0;44;m;KZ-1;314031;6;0;1890.00;D0073
41089880;2018-6;1;45;m;KZ-1E;257010;6;0;NULL;D0003
41089881;2018-6;1;35;m;KZ-1E;257010;6;0;NULL;D0003
41089882;2018-6;1;NULL;;KZ-1E;257010;6;0;NULL;D0003
41090107;2018-5;0;42;m;KZ-1E;257010;NULL;0;NULL;D0003
41090180;2018-3;1;35;m;KZ-1;141031;6;0;NULL;D0003
41090267;2018-12;0;47;m;KZ-1;229010;NULL;0;NULL;D0966
41091191;2018-11;1;NULL;m;KZ-1;257010;6;0;0.00;D0003
41091206;2019-1;1;49;m;KZ-1;257010;6;0;NULL;D0073
41092766;2019-1;2;38;m;KZ-1B;293010;6;0;NULL;D0966
41093600;2019-1;1;48;m;KZ-1;257010;6;0;NULL;D0073
41094411;2019-1;1;NULL;m;KZ-1E;257010;6;0;NULL;D0073
41094419;2019-1;1;32;m;KZ-1E;257010;6;0;NULL;D0073
41094562;2018-12;1;41;m;KZ-1;251010;6;0;NULL;D0003
41094570;2018-7;0;28;m;KZ-1;259010;6;0;500.00;D0098
41094573;2018-7;0;28;m;KZ-1;258000;6;0;NULL;D0073
41094574;2018-7;0;33;m;KZ-1;258000;3;0;NULL;D0073
41095842;2018-11;1;NULL;m;KZ-1E;257010;6;0;0.00;D0003
41095850;2018-11;1;NULL;m;KZ-1E;257010;6;0;NULL;D0003
41095908;2019-1;1;NULL;m;KZ-1E;257010;6;0;NULL;D0073
41095909;2019-1;1;NULL;m;KZ-1;258000;6;0;NULL;D0073
41098732;2019-1;1;48;m;KZ-1;266000;6;0;NULL;D0003
41098733;2019-1;1;33;m;KZ-1;266000;6;0;NULL;D0003
41098781;2019-1;6;43;m;KZ-1;118000;NULL;0;NULL;D3151
41098782;2019-1;6;51;m;KZ-1;118000;NULL;0;NULL;D3151
41099945;2018-11;2;34;m;KZ-1;257030;NULL;0;NULL;D0981
41099946;2018-11;2;34;m;KZ-1;257030;NULL;0;500.00;D0981
41099947;2018-11;2;34;m;KZ-1;257030;NULL;0;4000.00;D0981
41099948;2018-11;2;34;m;KZ-1;257030;6;0;1046.23;D0981
41099949;2018-11;2;34;m;KZ-1;257030;6;0;648.86;D0981
41099950;2018-11;2;35;m;KZ-1;257030;6;0;1046.23;D0981
41099951;2018-11;2;35;m;KZ-1;257030;6;0;0.00;D0981
41099952;2018-11;2;35;m;KZ-1;257030;6;0;500.00;D0981
41099953;2018-11;2;35;m;KZ-1;257030;6;0;0.00;D0981
41099954;2018-11;2;35;m;KZ-1;257030;6;0;0.00;D0981
41099955;2018-11;2;35;m;KZ-1;257030;6;0;NULL;D0981
41099956;2018-11;2;35;m;KZ-1;257030;6;0;NULL;D0981
41099957;2018-11;2;35;m;KZ-1;257030;6;0;0.00;D0981
41099958;2018-11;2;35;m;KZ-1;257030;NULL;0;NULL;D0981
41099959;2018-11;2;35;m;KZ-1;257030;6;0;NULL;D0981
41099960;2018-11;2;35;m;KZ-1;257030;6;0;NULL;D0981
41099961;2018-11;2;35;m;KZ-1;257030;6;0;NULL;D0981
41099962;2018-11;2;35;m;KZ-1;257030;6;0;NULL;D0981
41102169;2017-11;2;34;m;KZ-1;122010;6;0;NULL;D3082
41102339;2019-2;0;52;m;KZ-1;211010;6;0;0.00;D0966
41102947;2019-1;6;46;m;KZ-1;257021;6;0;NULL;D0073
41102948;2019-1;6;53;m;KZ-1;257021;6;0;0.00;D0073
41102962;2019-2;2;37;m;KZ-1;186020;6;0;0.00;D1465
41102964;2019-2;2;37;m;KZ-1;183010;6;0;19.99;D1465
41102965;2019-2;2;37;m;KZ-1;209010;6;0;3.89;D1465
41102971;2019-2;2;36;m;KZ-1;257010;NULL;0;NULL;D1465
41102980;2019-2;2;50;m;KZ-1;186010;NULL;0;NULL;D1465
41103735;2019-2;1;NULL;m;KZ-1;141031;6;0;NULL;D0082
41103736;2019-2;1;NULL;m;KZ-1;141031;6;0;250.00;D0082
41103737;2019-2;1;NULL;m;KZ-1;141031;6;0;NULL;D0082
41103742;2019-2;1;31;m;KZ-1E;257010;6;0;NULL;D0008
41103743;2019-2;1;31;m;KZ-1E;257010;6;0;NULL;D0008
41103747;2019-1;1;40;m;KZ-1;266000;6;0;NULL;D0008
41103900;2019-2;1;35;m;KZ-1;257010;6;0;NULL;D0008
41103902;2019-2;1;35;m;KZ-1;258000;6;0;NULL;D0008
41104567;2019-2;1;40;m;KZ-1;122010;6;0;NULL;D0073
41105012;2019-2;1;49;m;KZ-1;259020;6;0;NULL;D0008
41105014;2019-2;1;49;m;KZ-1;257010;6;0;NULL;D0008
41105050;2019-2;1;53;m;KZ-1;138010;6;0;NULL;D0003
41105051;2019-2;1;50;;KZ-1;138010;6;0;NULL;D0003
41105061;2019-2;1;52;m;KZ-1E;143071;6;0;200.00;D0003
41105079;2019-2;1;33;m;KZ-1;340010;6;0;NULL;D0003
41105116;2019-2;1;43;m;KZ-1;257010;6;0;0.00;D0073
41105144;2019-2;1;33;m;KZ-1C;135010;6;0;0.00;D0073
41105161;2019-2;0;43;m;KZ-1;263020;6;0;0.00;D0008
41105263;2019-2;1;37;m;KZ-1;257010;3;0;NULL;D0003
41106003;0000-00;NULL;32;m;KZ-1;211051;NULL;0;NULL;D0073
41106104;2019-2;0;39;m;KZ-1;259010;6;0;0.00;D0073
41106395;2019-2;1;40;m;KZ-1;135020;6;0;0.00;D0073
41106467;2018-11;1;40;;KZ-1;158021;6;0;NULL;D0073
41106475;2018-11;1;NULL;m;KZ-1;160021;6;0;NULL;D0073
41106476;2018-11;1;NULL;m;KZ-1;159021;6;0;NULL;D0073
41106482;2018-11;1;NULL;m;KZ-1;160021;6;0;NULL;D0073
41106784;2019-2;1;35;m;KZ-1;141010;6;0;NULL;D0098
41107029;2019-2;1;NULL;m;KZ-1;257010;6;0;NULL;D0003
41107030;2019-2;1;NULL;m;KZ-1;257010;6;0;400.00;D0003
41107031;2019-2;1;NULL;m;KZ-1;257010;6;0;0.00;D0003
41107614;2019-2;1;36;m;KZ-1;266000;6;0;0.00;D0073
41107615;2019-2;1;27;m;KZ-1;266000;6;0;1450.05;D0073
41107630;2019-2;1;42;m;KZ-1;281020;6;0;5204.57;D0003
41107635;2019-2;1;53;m;KZ-1;208050;6;0;2056.61;D0073
41107645;2019-2;0;47;m;KZ-1E;143072;6;0;800.00;D0966
41108032;2019-2;1;NULL;m;KZ-1;257010;NULL;0;NULL;D0073
41108585;2019-2;1;42;m;KZ-1;143010;6;0;NULL;D0073
41108647;2019-2;0;50;m;KZ-1;203010;6;0;NULL;D0073
